App ID,App names,Country,Date,Ad Exchange impressions,Ad Exchange clicks,Ad Exchange CTR,Ad Exchange revenue ($),Ad Exchange average eCPM ($),Ad Exchange ad requests,Ad Exchange match rate,Ad Exchange CPC ($),Ad Exchange delivery rate
com.calendar.schedule.taskapp,Calender,Afghanistan,3/14/25,6,0,0.00%,0.00,0.30,11,90.91%,0.00,54.55%
com.calendar.schedule.taskapp,Calender,Afghanistan,3/22/25,1,0,0.00%,0.00,0.42,2,100.00%,0.00,50.00%
com.calendar.schedule.taskapp,Calender,Albania,3/14/25,15,5,33.33%,0.03,2.00,20,100.00%,0.01,75.00%
com.calendar.schedule.taskapp,Calender,Albania,3/15/25,4,1,25.00%,0.01,3.02,6,100.00%,0.01,66.67%
com.calendar.schedule.taskapp,Calender,Albania,3/16/25,12,2,16.67%,0.05,4.11,17,100.00%,0.02,70.59%
com.calendar.schedule.taskapp,Calender,Albania,3/18/25,18,2,11.11%,0.12,6.86,34,100.00%,0.06,52.94%
com.calendar.schedule.taskapp,Calender,Albania,3/19/25,4,1,25.00%,0.17,42.80,8,100.00%,0.17,50.00%
com.calendar.schedule.taskapp,Calender,Albania,3/20/25,4,2,50.00%,0.06,13.85,6,100.00%,0.03,66.67%
com.calendar.schedule.taskapp,Calender,Albania,3/21/25,49,10,20.41%,0.77,15.73,93,100.00%,0.08,52.69%
com.calendar.schedule.taskapp,Calender,Albania,3/22/25,1,0,0.00%,0.04,43.72,6,100.00%,0.00,16.67%
com.calendar.schedule.taskapp,Calender,Albania,3/23/25,15,1,6.67%,0.23,15.47,22,100.00%,0.23,68.18%
com.calendar.schedule.taskapp,Calender,Algeria,3/13/25,6,0,0.00%,0.01,2.18,8,100.00%,0.00,75.00%
com.calendar.schedule.taskapp,Calender,Algeria,3/14/25,0,0,0.00%,0.00,0.00,1,100.00%,0.00,0.00%
com.calendar.schedule.taskapp,Calender,Algeria,3/15/25,3,2,66.67%,0.00,0.71,6,83.33%,0.00,50.00%
com.calendar.schedule.taskapp,Calender,Algeria,3/16/25,4,4,100.00%,0.01,1.57,6,83.33%,0.00,66.67%
com.calendar.schedule.taskapp,Calender,Algeria,3/17/25,4,0,0.00%,0.01,1.88,6,83.33%,0.00,66.67%
com.calendar.schedule.taskapp,Calender,Algeria,3/20/25,13,1,7.69%,0.01,0.44,22,95.45%,0.01,59.09%
com.calendar.schedule.taskapp,Calender,Algeria,3/23/25,2,1,50.00%,0.00,1.87,9,88.89%,0.00,22.22%
com.calendar.schedule.taskapp,Calender,Angola,3/18/25,0,0,0.00%,0.00,0.00,4,100.00%,0.00,0.00%
com.calendar.schedule.taskapp,Calender,Argentina,3/14/25,9,2,22.22%,0.05,5.70,15,100.00%,0.03,60.00%
com.calendar.schedule.taskapp,Calender,Argentina,3/15/25,29,3,10.34%,0.39,13.29,43,100.00%,0.13,67.44%
com.calendar.schedule.taskapp,Calender,Argentina,3/16/25,38,6,15.79%,0.26,6.96,72,98.61%,0.04,52.78%
com.calendar.schedule.taskapp,Calender,Argentina,3/17/25,199,37,18.59%,1.90,9.55,317,99.37%,0.05,62.78%
com.calendar.schedule.taskapp,Calender,Argentina,3/18/25,140,25,17.86%,1.24,8.86,268,98.51%,0.05,52.24%
com.calendar.schedule.taskapp,Calender,Argentina,3/19/25,254,70,27.56%,2.72,10.70,451,99.56%,0.04,56.32%
com.calendar.schedule.taskapp,Calender,Argentina,3/20/25,106,14,13.21%,0.76,7.15,233,100.00%,0.05,45.49%
com.calendar.schedule.taskapp,Calender,Argentina,3/21/25,79,18,22.78%,0.38,4.87,199,99.50%,0.02,39.70%
com.calendar.schedule.taskapp,Calender,Argentina,3/22/25,86,13,15.12%,0.43,4.96,211,99.05%,0.03,40.76%
com.calendar.schedule.taskapp,Calender,Argentina,3/23/25,88,18,20.45%,0.44,5.03,237,97.05%,0.02,37.13%
com.calendar.schedule.taskapp,Calender,Armenia,3/16/25,3,2,66.67%,0.07,22.49,6,100.00%,0.03,50.00%
com.calendar.schedule.taskapp,Calender,Armenia,3/23/25,1,0,0.00%,0.00,0.43,3,100.00%,0.00,33.33%
com.calendar.schedule.taskapp,Calender,Aruba,3/17/25,6,5,83.33%,0.05,7.58,13,100.00%,0.01,46.15%
com.calendar.schedule.taskapp,Calender,Aruba,3/23/25,4,0,0.00%,0.02,4.10,6,100.00%,0.00,66.67%
com.calendar.schedule.taskapp,Calender,Australia,3/14/25,1,0,0.00%,0.01,7.87,3,100.00%,0.00,33.33%
com.calendar.schedule.taskapp,Calender,Australia,3/16/25,4,1,25.00%,0.60,150.83,6,100.00%,0.60,66.67%
com.calendar.schedule.taskapp,Calender,Australia,3/17/25,14,5,35.71%,1.96,140.23,19,100.00%,0.39,73.68%
com.calendar.schedule.taskapp,Calender,Australia,3/18/25,30,7,23.33%,1.99,66.37,44,100.00%,0.28,68.18%
com.calendar.schedule.taskapp,Calender,Australia,3/20/25,5,2,40.00%,1.29,258.47,8,100.00%,0.65,62.50%
com.calendar.schedule.taskapp,Calender,Australia,3/21/25,7,3,42.86%,0.74,105.22,14,100.00%,0.25,50.00%
com.calendar.schedule.taskapp,Calender,Australia,3/22/25,7,1,14.29%,0.32,45.70,26,100.00%,0.32,26.92%
com.calendar.schedule.taskapp,Calender,Australia,3/23/25,14,0,0.00%,0.43,30.50,38,100.00%,0.00,36.84%
com.calendar.schedule.taskapp,Calender,Austria,3/16/25,11,1,9.09%,0.67,60.85,16,100.00%,0.67,68.75%
com.calendar.schedule.taskapp,Calender,Austria,3/19/25,14,1,7.14%,0.48,34.31,27,100.00%,0.48,51.85%
com.calendar.schedule.taskapp,Calender,Austria,3/20/25,0,0,0.00%,0.00,0.00,1,100.00%,0.00,0.00%
com.calendar.schedule.taskapp,Calender,Austria,3/21/25,0,0,0.00%,0.00,0.00,3,100.00%,0.00,0.00%
com.calendar.schedule.taskapp,Calender,Austria,3/22/25,0,0,0.00%,0.00,0.00,2,100.00%,0.00,0.00%
com.calendar.schedule.taskapp,Calender,Austria,3/23/25,12,3,25.00%,0.20,17.01,26,100.00%,0.07,46.15%
com.calendar.schedule.taskapp,Calender,Azerbaijan,3/15/25,8,0,0.00%,0.00,0.59,10,100.00%,0.00,80.00%
com.calendar.schedule.taskapp,Calender,Azerbaijan,3/19/25,16,6,37.50%,0.17,10.40,32,100.00%,0.03,50.00%
com.calendar.schedule.taskapp,Calender,Azerbaijan,3/20/25,1,0,0.00%,0.00,0.44,7,100.00%,0.00,14.29%
com.calendar.schedule.taskapp,Calender,Azerbaijan,3/21/25,1,0,0.00%,0.00,0.83,6,100.00%,0.00,16.67%
com.calendar.schedule.taskapp,Calender,Azerbaijan,3/23/25,6,4,66.67%,0.04,6.30,17,100.00%,0.01,35.29%
com.calendar.schedule.taskapp,Calender,Bangladesh,3/13/25,4,0,0.00%,0.00,0.40,9,100.00%,0.00,44.44%
com.calendar.schedule.taskapp,Calender,Bangladesh,3/14/25,9,1,11.11%,0.23,25.60,12,100.00%,0.23,75.00%
com.calendar.schedule.taskapp,Calender,Bangladesh,3/16/25,3,0,0.00%,0.00,0.55,9,88.89%,0.00,33.33%
com.calendar.schedule.taskapp,Calender,Bangladesh,3/17/25,0,0,0.00%,0.00,0.00,1,100.00%,0.00,0.00%
com.calendar.schedule.taskapp,Calender,Bangladesh,3/19/25,7,1,14.29%,0.04,5.18,13,100.00%,0.04,53.85%
com.calendar.schedule.taskapp,Calender,Bangladesh,3/20/25,2,0,0.00%,0.01,2.83,4,100.00%,0.00,50.00%
com.calendar.schedule.taskapp,Calender,Bangladesh,3/22/25,7,2,28.57%,0.01,1.64,13,100.00%,0.01,53.85%
com.calendar.schedule.taskapp,Calender,Belarus,3/14/25,11,2,18.18%,0.13,11.93,17,100.00%,0.07,64.71%
com.calendar.schedule.taskapp,Calender,Belarus,3/16/25,7,0,0.00%,0.00,0.23,10,90.00%,0.00,70.00%
com.calendar.schedule.taskapp,Calender,Belarus,3/19/25,2,0,0.00%,0.01,6.79,4,100.00%,0.00,50.00%
com.calendar.schedule.taskapp,Calender,Belgium,3/14/25,15,4,26.67%,0.36,24.31,22,100.00%,0.09,68.18%
com.calendar.schedule.taskapp,Calender,Belgium,3/15/25,0,0,0.00%,0.00,0.00,4,100.00%,0.00,0.00%
com.calendar.schedule.taskapp,Calender,Belgium,3/18/25,4,1,25.00%,0.11,27.00,11,100.00%,0.11,36.36%
com.calendar.schedule.taskapp,Calender,Belgium,3/19/25,34,6,17.65%,0.74,21.87,71,100.00%,0.12,47.89%
com.calendar.schedule.taskapp,Calender,Belgium,3/20/25,29,4,13.79%,0.73,25.15,70,100.00%,0.18,41.43%
com.calendar.schedule.taskapp,Calender,Belgium,3/21/25,16,1,6.25%,0.24,15.04,39,100.00%,0.24,41.03%
com.calendar.schedule.taskapp,Calender,Belgium,3/22/25,18,2,11.11%,0.33,18.20,48,100.00%,0.16,37.50%
com.calendar.schedule.taskapp,Calender,Belgium,3/23/25,6,0,0.00%,0.13,20.99,25,100.00%,0.00,24.00%
com.calendar.schedule.taskapp,Calender,Benin,3/18/25,5,4,80.00%,0.02,3.75,13,92.31%,0.00,38.46%
com.calendar.schedule.taskapp,Calender,Benin,3/19/25,1,1,100.00%,0.01,8.57,4,75.00%,0.01,25.00%
com.calendar.schedule.taskapp,Calender,Benin,3/20/25,6,1,16.67%,0.02,3.40,9,100.00%,0.02,66.67%
com.calendar.schedule.taskapp,Calender,Benin,3/21/25,0,0,0.00%,0.00,0.00,1,0.00%,0.00,0.00%
com.calendar.schedule.taskapp,Calender,Benin,3/22/25,1,0,0.00%,0.00,1.11,4,50.00%,0.00,25.00%
com.calendar.schedule.taskapp,Calender,Benin,3/23/25,0,0,0.00%,0.00,0.00,1,0.00%,0.00,0.00%
com.calendar.schedule.taskapp,Calender,Bermuda,3/21/25,0,0,0.00%,0.00,0.00,2,100.00%,0.00,0.00%
com.calendar.schedule.taskapp,Calender,Bolivia,3/15/25,9,0,0.00%,0.01,0.68,14,100.00%,0.00,64.29%
com.calendar.schedule.taskapp,Calender,Bolivia,3/18/25,2,0,0.00%,0.00,1.46,6,100.00%,0.00,33.33%
com.calendar.schedule.taskapp,Calender,Bolivia,3/21/25,18,5,27.78%,0.01,0.59,28,96.43%,0.00,64.29%
com.calendar.schedule.taskapp,Calender,Bolivia,3/22/25,3,0,0.00%,0.00,0.31,6,83.33%,0.00,50.00%
com.calendar.schedule.taskapp,Calender,Bolivia,3/23/25,2,1,50.00%,0.01,2.56,6,83.33%,0.01,33.33%
com.calendar.schedule.taskapp,Calender,Bosnia and Herzegovina,3/14/25,8,3,37.50%,0.05,5.84,12,100.00%,0.02,66.67%
com.calendar.schedule.taskapp,Calender,Bosnia and Herzegovina,3/15/25,11,1,9.09%,0.14,12.29,18,100.00%,0.14,61.11%
com.calendar.schedule.taskapp,Calender,Bosnia and Herzegovina,3/16/25,3,0,0.00%,0.03,9.61,5,100.00%,0.00,60.00%
com.calendar.schedule.taskapp,Calender,Bosnia and Herzegovina,3/17/25,5,0,0.00%,0.05,10.77,7,100.00%,0.00,71.43%
com.calendar.schedule.taskapp,Calender,Bosnia and Herzegovina,3/18/25,9,0,0.00%,0.11,12.78,13,100.00%,0.00,69.23%
com.calendar.schedule.taskapp,Calender,Bosnia and Herzegovina,3/19/25,11,3,27.27%,0.15,13.60,25,100.00%,0.05,44.00%
com.calendar.schedule.taskapp,Calender,Bosnia and Herzegovina,3/20/25,0,0,0.00%,0.00,0.00,1,100.00%,0.00,0.00%
com.calendar.schedule.taskapp,Calender,Bosnia and Herzegovina,3/21/25,3,1,33.33%,0.01,2.39,5,100.00%,0.01,60.00%
com.calendar.schedule.taskapp,Calender,Bosnia and Herzegovina,3/22/25,2,1,50.00%,0.01,2.74,3,100.00%,0.01,66.67%
com.calendar.schedule.taskapp,Calender,Bosnia and Herzegovina,3/23/25,17,7,41.18%,0.07,4.07,29,100.00%,0.01,58.62%
com.calendar.schedule.taskapp,Calender,Brazil,3/14/25,52,19,36.54%,0.92,17.72,73,100.00%,0.05,71.23%
com.calendar.schedule.taskapp,Calender,Brazil,3/15/25,60,10,16.67%,0.79,13.09,93,100.00%,0.08,64.52%
com.calendar.schedule.taskapp,Calender,Brazil,3/16/25,61,13,21.31%,2.12,34.69,94,100.00%,0.16,64.89%
com.calendar.schedule.taskapp,Calender,Brazil,3/17/25,99,39,39.39%,1.20,12.15,153,100.00%,0.03,64.71%
com.calendar.schedule.taskapp,Calender,Brazil,3/18/25,210,59,28.10%,3.90,18.59,426,100.00%,0.07,49.30%
com.calendar.schedule.taskapp,Calender,Brazil,3/19/25,213,54,25.35%,3.88,18.23,420,100.00%,0.07,50.71%
com.calendar.schedule.taskapp,Calender,Brazil,3/20/25,203,46,22.66%,2.85,14.03,495,99.80%,0.06,41.01%
com.calendar.schedule.taskapp,Calender,Brazil,3/21/25,144,27,18.75%,1.88,13.09,360,99.17%,0.07,40.00%
com.calendar.schedule.taskapp,Calender,Brazil,3/22/25,117,15,12.82%,1.47,12.58,346,99.71%,0.10,33.82%
com.calendar.schedule.taskapp,Calender,Brazil,3/23/25,221,52,23.53%,2.90,13.14,573,99.30%,0.06,38.57%
com.calendar.schedule.taskapp,Calender,Brunei,3/14/25,2,1,50.00%,0.13,64.09,3,100.00%,0.13,66.67%
com.calendar.schedule.taskapp,Calender,Bulgaria,3/18/25,8,0,0.00%,0.05,6.11,15,100.00%,0.00,53.33%
com.calendar.schedule.taskapp,Calender,Bulgaria,3/19/25,3,1,33.33%,0.05,17.14,11,100.00%,0.05,27.27%
com.calendar.schedule.taskapp,Calender,Bulgaria,3/20/25,0,0,0.00%,0.00,0.00,3,100.00%,0.00,0.00%
com.calendar.schedule.taskapp,Calender,Bulgaria,3/22/25,11,3,27.27%,0.12,10.58,19,100.00%,0.04,57.89%
com.calendar.schedule.taskapp,Calender,Burkina Faso,3/14/25,15,7,46.67%,0.15,10.25,31,83.87%,0.02,48.39%
com.calendar.schedule.taskapp,Calender,Burkina Faso,3/18/25,4,0,0.00%,0.02,5.84,11,90.91%,0.00,36.36%
com.calendar.schedule.taskapp,Calender,Burkina Faso,3/19/25,9,0,0.00%,0.03,3.65,13,100.00%,0.00,69.23%
com.calendar.schedule.taskapp,Calender,Burkina Faso,3/20/25,8,3,37.50%,0.03,4.24,19,94.74%,0.01,42.11%
com.calendar.schedule.taskapp,Calender,Burkina Faso,3/21/25,1,0,0.00%,0.00,2.11,4,100.00%,0.00,25.00%
com.calendar.schedule.taskapp,Calender,Burkina Faso,3/22/25,0,0,0.00%,0.00,0.00,3,100.00%,0.00,0.00%
com.calendar.schedule.taskapp,Calender,Burkina Faso,3/23/25,0,0,0.00%,0.00,0.00,3,100.00%,0.00,0.00%
com.calendar.schedule.taskapp,Calender,Burundi,3/18/25,7,1,14.29%,0.02,2.57,15,100.00%,0.02,46.67%
com.calendar.schedule.taskapp,Calender,Cameroon,3/14/25,7,1,14.29%,0.02,3.03,14,100.00%,0.02,50.00%
com.calendar.schedule.taskapp,Calender,Cameroon,3/17/25,0,0,0.00%,0.00,0.00,1,100.00%,0.00,0.00%
com.calendar.schedule.taskapp,Calender,Cameroon,3/18/25,3,2,66.67%,0.02,5.64,16,100.00%,0.01,18.75%
com.calendar.schedule.taskapp,Calender,Cameroon,3/19/25,1,0,0.00%,0.01,10.09,8,100.00%,0.00,12.50%
com.calendar.schedule.taskapp,Calender,Canada,3/14/25,16,4,25.00%,0.77,48.19,24,100.00%,0.19,66.67%
com.calendar.schedule.taskapp,Calender,Canada,3/15/25,38,11,28.95%,1.69,44.36,57,98.25%,0.15,66.67%
com.calendar.schedule.taskapp,Calender,Canada,3/16/25,15,3,20.00%,1.39,92.66,23,100.00%,0.46,65.22%
com.calendar.schedule.taskapp,Calender,Canada,3/17/25,8,2,25.00%,1.19,149.08,15,100.00%,0.60,53.33%
com.calendar.schedule.taskapp,Calender,Canada,3/18/25,18,1,5.56%,1.74,96.68,37,97.30%,1.74,48.65%
com.calendar.schedule.taskapp,Calender,Canada,3/19/25,28,3,10.71%,1.47,52.63,64,90.62%,0.49,43.75%
com.calendar.schedule.taskapp,Calender,Canada,3/20/25,54,10,18.52%,5.96,110.33,120,98.33%,0.60,45.00%
com.calendar.schedule.taskapp,Calender,Canada,3/21/25,34,8,23.53%,2.43,71.62,66,98.48%,0.30,51.52%
com.calendar.schedule.taskapp,Calender,Canada,3/22/25,54,9,16.67%,2.62,48.51,122,95.90%,0.29,44.26%
com.calendar.schedule.taskapp,Calender,Canada,3/23/25,64,13,20.31%,5.24,81.81,152,98.68%,0.40,42.11%
com.calendar.schedule.taskapp,Calender,Chile,3/14/25,12,2,16.67%,0.11,8.91,20,100.00%,0.05,60.00%
com.calendar.schedule.taskapp,Calender,Chile,3/15/25,19,2,10.53%,0.34,17.81,31,100.00%,0.17,61.29%
com.calendar.schedule.taskapp,Calender,Chile,3/16/25,10,7,70.00%,0.33,33.46,18,100.00%,0.05,55.56%
com.calendar.schedule.taskapp,Calender,Chile,3/17/25,45,4,8.89%,0.51,11.25,81,100.00%,0.13,55.56%
com.calendar.schedule.taskapp,Calender,Chile,3/18/25,26,6,23.08%,0.58,22.12,83,100.00%,0.10,31.33%
com.calendar.schedule.taskapp,Calender,Chile,3/19/25,70,11,15.71%,0.81,11.61,124,100.00%,0.07,56.45%
com.calendar.schedule.taskapp,Calender,Chile,3/20/25,63,12,19.05%,0.96,15.25,135,100.00%,0.08,46.67%
com.calendar.schedule.taskapp,Calender,Chile,3/21/25,34,4,11.76%,0.30,8.90,78,100.00%,0.08,43.59%
com.calendar.schedule.taskapp,Calender,Chile,3/22/25,39,12,30.77%,0.38,9.64,105,100.00%,0.03,37.14%
com.calendar.schedule.taskapp,Calender,Chile,3/23/25,60,17,28.33%,0.39,6.46,138,99.28%,0.02,43.48%
com.calendar.schedule.taskapp,Calender,Colombia,3/14/25,20,6,30.00%,0.16,7.94,30,100.00%,0.03,66.67%
com.calendar.schedule.taskapp,Calender,Colombia,3/15/25,15,3,20.00%,0.29,19.32,21,100.00%,0.10,71.43%
com.calendar.schedule.taskapp,Calender,Colombia,3/16/25,18,2,11.11%,0.03,1.55,26,100.00%,0.01,69.23%
com.calendar.schedule.taskapp,Calender,Colombia,3/17/25,35,6,17.14%,0.13,3.78,62,98.39%,0.02,56.45%
com.calendar.schedule.taskapp,Calender,Colombia,3/18/25,46,7,15.22%,0.17,3.68,86,98.84%,0.02,53.49%
com.calendar.schedule.taskapp,Calender,Colombia,3/19/25,15,3,20.00%,0.21,13.81,30,100.00%,0.07,50.00%
com.calendar.schedule.taskapp,Calender,Colombia,3/20/25,35,11,31.43%,0.24,6.89,70,100.00%,0.02,50.00%
com.calendar.schedule.taskapp,Calender,Colombia,3/21/25,14,1,7.14%,0.16,11.40,33,100.00%,0.16,42.42%
com.calendar.schedule.taskapp,Calender,Colombia,3/22/25,38,5,13.16%,0.46,12.06,69,100.00%,0.09,55.07%
com.calendar.schedule.taskapp,Calender,Colombia,3/23/25,31,28,90.32%,0.23,7.31,86,100.00%,0.01,36.05%
com.calendar.schedule.taskapp,Calender,Costa Rica,3/14/25,4,0,0.00%,0.01,3.65,6,100.00%,0.00,66.67%
com.calendar.schedule.taskapp,Calender,Costa Rica,3/18/25,5,0,0.00%,0.11,22.76,11,100.00%,0.00,45.45%
com.calendar.schedule.taskapp,Calender,Costa Rica,3/20/25,5,2,40.00%,0.07,13.31,8,100.00%,0.03,62.50%
com.calendar.schedule.taskapp,Calender,Costa Rica,3/21/25,4,1,25.00%,0.04,10.23,14,100.00%,0.04,28.57%
com.calendar.schedule.taskapp,Calender,Costa Rica,3/22/25,5,0,0.00%,0.12,23.63,8,100.00%,0.00,62.50%
com.calendar.schedule.taskapp,Calender,Costa Rica,3/23/25,13,6,46.15%,0.09,6.94,23,100.00%,0.02,56.52%
com.calendar.schedule.taskapp,Calender,Cote d'Ivoire,3/14/25,6,0,0.00%,0.01,2.31,9,88.89%,0.00,66.67%
com.calendar.schedule.taskapp,Calender,Cote d'Ivoire,3/15/25,4,2,50.00%,0.02,5.27,15,93.33%,0.01,26.67%
com.calendar.schedule.taskapp,Calender,Cote d'Ivoire,3/16/25,6,1,16.67%,0.00,0.75,10,100.00%,0.00,60.00%
com.calendar.schedule.taskapp,Calender,Cote d'Ivoire,3/17/25,5,0,0.00%,0.04,7.04,8,100.00%,0.00,62.50%
com.calendar.schedule.taskapp,Calender,Cote d'Ivoire,3/18/25,31,3,9.68%,0.27,8.55,51,100.00%,0.09,60.78%
com.calendar.schedule.taskapp,Calender,Cote d'Ivoire,3/19/25,57,12,21.05%,0.21,3.70,113,97.35%,0.02,50.44%
com.calendar.schedule.taskapp,Calender,Cote d'Ivoire,3/20/25,14,2,14.29%,0.06,4.12,42,92.86%,0.03,33.33%
com.calendar.schedule.taskapp,Calender,Cote d'Ivoire,3/21/25,14,1,7.14%,0.05,3.44,80,87.50%,0.05,17.50%
com.calendar.schedule.taskapp,Calender,Cote d'Ivoire,3/22/25,15,2,13.33%,0.09,6.14,64,89.06%,0.05,23.44%
com.calendar.schedule.taskapp,Calender,Cote d'Ivoire,3/23/25,15,2,13.33%,0.04,2.40,69,92.75%,0.02,21.74%
com.calendar.schedule.taskapp,Calender,Croatia,3/14/25,2,1,50.00%,0.02,10.78,3,100.00%,0.02,66.67%
com.calendar.schedule.taskapp,Calender,Croatia,3/16/25,6,1,16.67%,0.03,5.80,10,100.00%,0.03,60.00%
com.calendar.schedule.taskapp,Calender,Croatia,3/17/25,3,0,0.00%,0.06,19.01,6,100.00%,0.00,50.00%
com.calendar.schedule.taskapp,Calender,Croatia,3/19/25,3,0,0.00%,0.07,24.99,9,100.00%,0.00,33.33%
com.calendar.schedule.taskapp,Calender,Croatia,3/21/25,4,1,25.00%,0.09,22.06,6,100.00%,0.09,66.67%
com.calendar.schedule.taskapp,Calender,Croatia,3/23/25,1,0,0.00%,0.00,0.35,3,100.00%,0.00,33.33%
com.calendar.schedule.taskapp,Calender,Cyprus,3/21/25,1,1,100.00%,0.01,7.59,10,100.00%,0.01,10.00%
com.calendar.schedule.taskapp,Calender,Czechia,3/14/25,21,0,0.00%,0.09,4.34,28,100.00%,0.00,75.00%
com.calendar.schedule.taskapp,Calender,Czechia,3/15/25,0,0,0.00%,0.00,0.00,1,100.00%,0.00,0.00%
com.calendar.schedule.taskapp,Calender,Czechia,3/19/25,5,3,60.00%,0.10,20.73,7,100.00%,0.03,71.43%
com.calendar.schedule.taskapp,Calender,Czechia,3/21/25,1,0,0.00%,0.00,0.82,2,100.00%,0.00,50.00%
com.calendar.schedule.taskapp,Calender,Democratic Republic of the Congo,3/17/25,4,0,0.00%,0.02,6.11,8,75.00%,0.00,50.00%
com.calendar.schedule.taskapp,Calender,Democratic Republic of the Congo,3/18/25,5,2,40.00%,0.02,4.69,13,84.62%,0.01,38.46%
com.calendar.schedule.taskapp,Calender,Democratic Republic of the Congo,3/19/25,0,0,0.00%,0.00,0.00,1,100.00%,0.00,0.00%
com.calendar.schedule.taskapp,Calender,Democratic Republic of the Congo,3/21/25,0,0,0.00%,0.00,0.00,2,50.00%,0.00,0.00%
com.calendar.schedule.taskapp,Calender,Democratic Republic of the Congo,3/22/25,1,0,0.00%,0.00,0.66,5,80.00%,0.00,20.00%
com.calendar.schedule.taskapp,Calender,Denmark,3/18/25,23,0,0.00%,0.43,18.65,40,100.00%,0.00,57.50%
com.calendar.schedule.taskapp,Calender,Denmark,3/21/25,1,0,0.00%,0.00,2.38,4,100.00%,0.00,25.00%
com.calendar.schedule.taskapp,Calender,Denmark,3/22/25,5,0,0.00%,0.08,15.74,8,100.00%,0.00,62.50%
com.calendar.schedule.taskapp,Calender,Dominican Republic,3/15/25,13,4,30.77%,0.26,20.28,19,100.00%,0.07,68.42%
com.calendar.schedule.taskapp,Calender,Dominican Republic,3/18/25,6,1,16.67%,0.25,41.53,14,100.00%,0.25,42.86%
com.calendar.schedule.taskapp,Calender,Dominican Republic,3/19/25,9,2,22.22%,0.03,3.19,18,100.00%,0.01,50.00%
com.calendar.schedule.taskapp,Calender,Dominican Republic,3/20/25,19,9,47.37%,0.04,2.30,44,100.00%,0.00,43.18%
com.calendar.schedule.taskapp,Calender,Dominican Republic,3/21/25,7,1,14.29%,0.02,2.24,21,100.00%,0.02,33.33%
com.calendar.schedule.taskapp,Calender,Dominican Republic,3/22/25,34,8,23.53%,0.10,3.06,74,100.00%,0.01,45.95%
com.calendar.schedule.taskapp,Calender,Dominican Republic,3/23/25,26,9,34.62%,0.06,2.42,58,100.00%,0.01,44.83%
com.calendar.schedule.taskapp,Calender,Ecuador,3/15/25,4,1,25.00%,0.00,0.32,13,92.31%,0.00,30.77%
com.calendar.schedule.taskapp,Calender,Ecuador,3/16/25,7,1,14.29%,0.06,8.35,9,100.00%,0.06,77.78%
com.calendar.schedule.taskapp,Calender,Ecuador,3/18/25,25,4,16.00%,0.14,5.76,42,100.00%,0.04,59.52%
com.calendar.schedule.taskapp,Calender,Ecuador,3/19/25,4,1,25.00%,0.02,5.55,8,100.00%,0.02,50.00%
com.calendar.schedule.taskapp,Calender,Ecuador,3/20/25,11,2,18.18%,0.09,8.24,18,100.00%,0.05,61.11%
com.calendar.schedule.taskapp,Calender,Ecuador,3/21/25,8,2,25.00%,0.04,5.07,12,100.00%,0.02,66.67%
com.calendar.schedule.taskapp,Calender,Ecuador,3/22/25,3,0,0.00%,0.02,5.22,5,100.00%,0.00,60.00%
com.calendar.schedule.taskapp,Calender,Ecuador,3/23/25,13,4,30.77%,0.03,2.44,26,100.00%,0.01,50.00%
com.calendar.schedule.taskapp,Calender,Egypt,3/17/25,5,0,0.00%,0.02,4.25,8,100.00%,0.00,62.50%
com.calendar.schedule.taskapp,Calender,Egypt,3/19/25,20,4,20.00%,0.02,1.18,31,96.77%,0.01,64.52%
com.calendar.schedule.taskapp,Calender,El Salvador,3/14/25,12,5,41.67%,0.11,9.09,15,100.00%,0.02,80.00%
com.calendar.schedule.taskapp,Calender,El Salvador,3/21/25,13,7,53.85%,0.10,7.60,25,100.00%,0.01,52.00%
com.calendar.schedule.taskapp,Calender,El Salvador,3/22/25,1,0,0.00%,0.00,0.34,4,100.00%,0.00,25.00%
com.calendar.schedule.taskapp,Calender,El Salvador,3/23/25,2,0,0.00%,0.01,2.94,5,100.00%,0.00,40.00%
com.calendar.schedule.taskapp,Calender,Estonia,3/22/25,3,0,0.00%,0.01,2.43,7,100.00%,0.00,42.86%
com.calendar.schedule.taskapp,Calender,Ethiopia,3/16/25,4,3,75.00%,0.06,13.83,6,100.00%,0.02,66.67%
com.calendar.schedule.taskapp,Calender,Ethiopia,3/20/25,4,2,50.00%,0.01,3.52,10,100.00%,0.01,40.00%
com.calendar.schedule.taskapp,Calender,Fiji,3/23/25,6,0,0.00%,0.01,1.44,20,85.00%,0.00,30.00%
com.calendar.schedule.taskapp,Calender,France,3/14/25,40,13,32.50%,0.58,14.52,64,100.00%,0.04,62.50%
com.calendar.schedule.taskapp,Calender,France,3/15/25,18,3,16.67%,0.19,10.70,29,100.00%,0.06,62.07%
com.calendar.schedule.taskapp,Calender,France,3/16/25,27,5,18.52%,0.97,35.92,40,100.00%,0.19,67.50%
com.calendar.schedule.taskapp,Calender,France,3/17/25,95,16,16.84%,2.66,28.04,145,100.00%,0.17,65.52%
com.calendar.schedule.taskapp,Calender,France,3/18/25,48,4,8.33%,1.24,25.91,86,100.00%,0.31,55.81%
com.calendar.schedule.taskapp,Calender,France,3/19/25,103,25,24.27%,2.92,28.32,187,99.47%,0.12,55.08%
com.calendar.schedule.taskapp,Calender,France,3/20/25,53,10,18.87%,1.44,27.18,124,98.39%,0.14,42.74%
com.calendar.schedule.taskapp,Calender,France,3/21/25,11,2,18.18%,0.21,19.23,45,97.78%,0.11,24.44%
com.calendar.schedule.taskapp,Calender,France,3/22/25,27,3,11.11%,0.31,11.48,87,96.55%,0.10,31.03%
com.calendar.schedule.taskapp,Calender,France,3/23/25,18,4,22.22%,0.26,14.60,67,100.00%,0.07,26.87%
com.calendar.schedule.taskapp,Calender,Gabon,3/17/25,2,1,50.00%,0.00,2.26,10,100.00%,0.00,20.00%
com.calendar.schedule.taskapp,Calender,Georgia,3/18/25,9,2,22.22%,0.07,8.02,20,100.00%,0.04,45.00%
com.calendar.schedule.taskapp,Calender,Georgia,3/19/25,7,3,42.86%,0.02,2.96,13,100.00%,0.01,53.85%
com.calendar.schedule.taskapp,Calender,Germany,3/15/25,5,0,0.00%,0.01,2.42,14,100.00%,0.00,35.71%
com.calendar.schedule.taskapp,Calender,Germany,3/16/25,9,0,0.00%,0.16,17.29,15,100.00%,0.00,60.00%
com.calendar.schedule.taskapp,Calender,Germany,3/17/25,21,2,9.52%,0.63,29.94,44,100.00%,0.31,47.73%
com.calendar.schedule.taskapp,Calender,Germany,3/18/25,37,5,13.51%,0.81,21.80,71,100.00%,0.16,52.11%
com.calendar.schedule.taskapp,Calender,Germany,3/19/25,23,5,21.74%,0.96,41.62,51,100.00%,0.19,45.10%
com.calendar.schedule.taskapp,Calender,Germany,3/20/25,18,1,5.56%,0.61,33.94,41,100.00%,0.61,43.90%
com.calendar.schedule.taskapp,Calender,Germany,3/21/25,5,2,40.00%,0.05,10.29,11,100.00%,0.03,45.45%
com.calendar.schedule.taskapp,Calender,Germany,3/22/25,3,1,33.33%,0.03,8.41,11,90.91%,0.03,27.27%
com.calendar.schedule.taskapp,Calender,Germany,3/23/25,4,1,25.00%,0.01,2.71,18,100.00%,0.01,22.22%
com.calendar.schedule.taskapp,Calender,Greece,3/14/25,5,0,0.00%,0.03,5.40,7,100.00%,0.00,71.43%
com.calendar.schedule.taskapp,Calender,Greece,3/15/25,18,1,5.56%,0.08,4.37,22,100.00%,0.08,81.82%
com.calendar.schedule.taskapp,Calender,Greece,3/16/25,16,5,31.25%,0.24,15.25,25,100.00%,0.05,64.00%
com.calendar.schedule.taskapp,Calender,Greece,3/18/25,14,4,28.57%,0.11,8.00,26,100.00%,0.03,53.85%
com.calendar.schedule.taskapp,Calender,Greece,3/19/25,0,0,0.00%,0.00,0.00,1,100.00%,0.00,0.00%
com.calendar.schedule.taskapp,Calender,Greece,3/20/25,0,0,0.00%,0.00,0.00,3,100.00%,0.00,0.00%
com.calendar.schedule.taskapp,Calender,Greece,3/21/25,4,0,0.00%,0.00,0.52,8,100.00%,0.00,50.00%
com.calendar.schedule.taskapp,Calender,Greece,3/23/25,1,0,0.00%,0.00,0.40,3,100.00%,0.00,33.33%
com.calendar.schedule.taskapp,Calender,Guatemala,3/17/25,8,2,25.00%,0.05,5.85,19,100.00%,0.02,42.11%
com.calendar.schedule.taskapp,Calender,Guatemala,3/18/25,2,0,0.00%,0.01,4.29,3,100.00%,0.00,66.67%
com.calendar.schedule.taskapp,Calender,Guatemala,3/20/25,0,0,0.00%,0.00,0.00,2,100.00%,0.00,0.00%
com.calendar.schedule.taskapp,Calender,Guatemala,3/21/25,4,1,25.00%,0.01,3.72,8,100.00%,0.01,50.00%
com.calendar.schedule.taskapp,Calender,Guatemala,3/22/25,2,1,50.00%,0.00,2.34,2,100.00%,0.00,100.00%
com.calendar.schedule.taskapp,Calender,Guatemala,3/23/25,12,1,8.33%,0.04,3.21,23,95.65%,0.04,52.17%
com.calendar.schedule.taskapp,Calender,Guinea,3/23/25,2,2,100.00%,0.01,6.42,5,100.00%,0.01,40.00%
com.calendar.schedule.taskapp,Calender,Haiti,3/22/25,1,0,0.00%,0.00,0.66,7,100.00%,0.00,14.29%
com.calendar.schedule.taskapp,Calender,Haiti,3/23/25,8,2,25.00%,0.02,2.64,20,95.00%,0.01,40.00%
com.calendar.schedule.taskapp,Calender,Honduras,3/19/25,8,0,0.00%,0.04,4.64,16,100.00%,0.00,50.00%
com.calendar.schedule.taskapp,Calender,Honduras,3/22/25,2,0,0.00%,0.00,2.38,6,83.33%,0.00,33.33%
com.calendar.schedule.taskapp,Calender,Hong Kong,3/19/25,2,0,0.00%,0.02,9.63,7,100.00%,0.00,28.57%
com.calendar.schedule.taskapp,Calender,Hong Kong,3/21/25,54,12,22.22%,0.93,17.31,61,100.00%,0.08,88.52%
com.calendar.schedule.taskapp,Calender,Hong Kong,3/22/25,2,0,0.00%,0.04,20.52,7,100.00%,0.00,28.57%
com.calendar.schedule.taskapp,Calender,Hong Kong,3/23/25,2,1,50.00%,0.02,8.94,12,100.00%,0.02,16.67%
com.calendar.schedule.taskapp,Calender,Hungary,3/16/25,26,5,19.23%,0.19,7.19,39,100.00%,0.04,66.67%
com.calendar.schedule.taskapp,Calender,Hungary,3/18/25,8,3,37.50%,0.06,7.96,14,100.00%,0.02,57.14%
com.calendar.schedule.taskapp,Calender,Hungary,3/19/25,11,4,36.36%,0.18,16.00,24,100.00%,0.04,45.83%
com.calendar.schedule.taskapp,Calender,Hungary,3/20/25,0,0,0.00%,0.00,0.00,1,100.00%,0.00,0.00%
com.calendar.schedule.taskapp,Calender,Hungary,3/22/25,1,0,0.00%,0.00,0.19,2,100.00%,0.00,50.00%
com.calendar.schedule.taskapp,Calender,Hungary,3/23/25,9,1,11.11%,0.09,9.85,20,100.00%,0.09,45.00%
com.calendar.schedule.taskapp,Calender,India,3/12/25,15,0,0.00%,0.00,0.31,40,75.00%,0.00,37.50%
com.calendar.schedule.taskapp,Calender,India,3/13/25,142,24,16.90%,0.16,1.13,224,98.66%,0.01,63.39%
com.calendar.schedule.taskapp,Calender,India,3/14/25,194,49,25.26%,0.71,3.69,355,99.44%,0.01,54.65%
com.calendar.schedule.taskapp,Calender,India,3/15/25,102,17,16.67%,0.18,1.74,234,82.05%,0.01,43.59%
com.calendar.schedule.taskapp,Calender,India,3/16/25,55,9,16.36%,0.14,2.51,151,97.35%,0.02,36.42%
com.calendar.schedule.taskapp,Calender,India,3/17/25,130,7,5.38%,0.08,0.65,262,94.27%,0.01,49.62%
com.calendar.schedule.taskapp,Calender,India,3/18/25,233,33,14.16%,0.38,1.63,530,93.96%,0.01,43.96%
com.calendar.schedule.taskapp,Calender,India,3/19/25,95,18,18.95%,0.22,2.33,266,92.86%,0.01,35.71%
com.calendar.schedule.taskapp,Calender,India,3/20/25,140,18,12.86%,0.21,1.53,318,88.99%,0.01,44.03%
com.calendar.schedule.taskapp,Calender,India,3/21/25,73,4,5.48%,0.09,1.19,207,77.29%,0.02,35.27%
com.calendar.schedule.taskapp,Calender,India,3/22/25,88,13,14.77%,0.14,1.58,187,92.51%,0.01,47.06%
com.calendar.schedule.taskapp,Calender,India,3/23/25,123,14,11.38%,0.29,2.36,334,98.20%,0.02,36.83%
com.calendar.schedule.taskapp,Calender,Indonesia,3/14/25,8,4,50.00%,0.03,4.26,12,100.00%,0.01,66.67%
com.calendar.schedule.taskapp,Calender,Indonesia,3/15/25,16,5,31.25%,0.22,14.04,36,100.00%,0.04,44.44%
com.calendar.schedule.taskapp,Calender,Indonesia,3/16/25,4,0,0.00%,0.01,3.65,6,100.00%,0.00,66.67%
com.calendar.schedule.taskapp,Calender,Indonesia,3/17/25,6,1,16.67%,0.03,5.40,9,100.00%,0.03,66.67%
com.calendar.schedule.taskapp,Calender,Indonesia,3/18/25,4,0,0.00%,0.00,0.45,11,100.00%,0.00,36.36%
com.calendar.schedule.taskapp,Calender,Indonesia,3/20/25,11,2,18.18%,0.02,1.49,27,100.00%,0.01,40.74%
com.calendar.schedule.taskapp,Calender,Indonesia,3/21/25,4,0,0.00%,0.00,0.98,12,100.00%,0.00,33.33%
com.calendar.schedule.taskapp,Calender,Indonesia,3/22/25,0,0,0.00%,0.00,0.00,4,100.00%,0.00,0.00%
com.calendar.schedule.taskapp,Calender,Indonesia,3/23/25,5,1,20.00%,0.02,3.23,17,100.00%,0.02,29.41%
com.calendar.schedule.taskapp,Calender,Iraq,3/14/25,0,0,0.00%,0.00,0.00,3,100.00%,0.00,0.00%
com.calendar.schedule.taskapp,Calender,Iraq,3/19/25,2,0,0.00%,0.00,0.23,9,88.89%,0.00,22.22%
com.calendar.schedule.taskapp,Calender,Ireland,3/18/25,10,2,20.00%,0.27,26.72,18,100.00%,0.13,55.56%
com.calendar.schedule.taskapp,Calender,Ireland,3/19/25,6,1,16.67%,0.14,24.10,9,100.00%,0.14,66.67%
com.calendar.schedule.taskapp,Calender,Ireland,3/20/25,6,0,0.00%,0.24,39.64,15,100.00%,0.00,40.00%
com.calendar.schedule.taskapp,Calender,Ireland,3/22/25,2,0,0.00%,0.00,1.48,7,100.00%,0.00,28.57%
com.calendar.schedule.taskapp,Calender,Ireland,3/23/25,16,5,31.25%,0.28,17.22,42,100.00%,0.06,38.10%
com.calendar.schedule.taskapp,Calender,Israel,3/14/25,2,0,0.00%,0.22,111.92,3,100.00%,0.00,66.67%
com.calendar.schedule.taskapp,Calender,Israel,3/15/25,21,6,28.57%,1.73,82.18,60,56.67%,0.29,35.00%
com.calendar.schedule.taskapp,Calender,Israel,3/16/25,4,2,50.00%,0.31,77.79,6,100.00%,0.16,66.67%
com.calendar.schedule.taskapp,Calender,Israel,3/17/25,11,3,27.27%,0.86,78.10,17,100.00%,0.29,64.71%
com.calendar.schedule.taskapp,Calender,Israel,3/18/25,12,2,16.67%,0.64,53.40,26,100.00%,0.32,46.15%
com.calendar.schedule.taskapp,Calender,Israel,3/19/25,9,1,11.11%,0.24,26.90,21,100.00%,0.24,42.86%
com.calendar.schedule.taskapp,Calender,Israel,3/20/25,13,4,30.77%,0.37,28.53,42,100.00%,0.09,30.95%
com.calendar.schedule.taskapp,Calender,Israel,3/21/25,6,0,0.00%,0.04,6.10,20,100.00%,0.00,30.00%
com.calendar.schedule.taskapp,Calender,Israel,3/22/25,1,0,0.00%,0.00,2.62,21,100.00%,0.00,4.76%
com.calendar.schedule.taskapp,Calender,Israel,3/23/25,7,6,85.71%,0.27,38.58,29,100.00%,0.05,24.14%
com.calendar.schedule.taskapp,Calender,Italy,3/14/25,14,1,7.14%,0.10,7.45,21,100.00%,0.10,66.67%
com.calendar.schedule.taskapp,Calender,Italy,3/15/25,13,0,0.00%,0.10,7.60,20,100.00%,0.00,65.00%
com.calendar.schedule.taskapp,Calender,Italy,3/16/25,9,1,11.11%,0.07,7.55,13,100.00%,0.07,69.23%
com.calendar.schedule.taskapp,Calender,Italy,3/17/25,14,4,28.57%,0.25,17.79,25,100.00%,0.06,56.00%
com.calendar.schedule.taskapp,Calender,Italy,3/18/25,38,6,15.79%,0.28,7.36,71,100.00%,0.05,53.52%
com.calendar.schedule.taskapp,Calender,Italy,3/19/25,5,3,60.00%,0.14,27.46,9,100.00%,0.05,55.56%
com.calendar.schedule.taskapp,Calender,Italy,3/20/25,10,3,30.00%,0.18,17.58,18,100.00%,0.06,55.56%
com.calendar.schedule.taskapp,Calender,Italy,3/21/25,16,3,18.75%,0.12,7.47,28,100.00%,0.04,57.14%
com.calendar.schedule.taskapp,Calender,Italy,3/22/25,3,2,66.67%,0.03,8.87,5,100.00%,0.01,60.00%
com.calendar.schedule.taskapp,Calender,Italy,3/23/25,12,2,16.67%,0.08,6.94,23,100.00%,0.04,52.17%
com.calendar.schedule.taskapp,Calender,Jamaica,3/22/25,1,0,0.00%,0.00,0.75,2,100.00%,0.00,50.00%
com.calendar.schedule.taskapp,Calender,Japan,3/14/25,12,1,8.33%,0.44,36.86,22,100.00%,0.44,54.55%
com.calendar.schedule.taskapp,Calender,Japan,3/16/25,0,0,0.00%,0.00,0.00,1,100.00%,0.00,0.00%
com.calendar.schedule.taskapp,Calender,Japan,3/17/25,3,2,66.67%,0.63,209.07,6,100.00%,0.31,50.00%
com.calendar.schedule.taskapp,Calender,Japan,3/18/25,0,0,0.00%,0.00,0.00,1,100.00%,0.00,0.00%
com.calendar.schedule.taskapp,Calender,Japan,3/19/25,2,1,50.00%,0.03,15.52,4,100.00%,0.03,50.00%
com.calendar.schedule.taskapp,Calender,Japan,3/20/25,3,0,0.00%,0.04,13.56,4,100.00%,0.00,75.00%
com.calendar.schedule.taskapp,Calender,Japan,3/21/25,0,0,0.00%,0.00,0.00,1,100.00%,0.00,0.00%
com.calendar.schedule.taskapp,Calender,Japan,3/22/25,5,1,20.00%,0.07,13.23,11,100.00%,0.07,45.45%
com.calendar.schedule.taskapp,Calender,Japan,3/23/25,1,0,0.00%,0.00,1.87,7,100.00%,0.00,14.29%
com.calendar.schedule.taskapp,Calender,Jordan,3/20/25,8,2,25.00%,0.08,10.24,18,100.00%,0.04,44.44%
com.calendar.schedule.taskapp,Calender,Kazakhstan,3/17/25,17,0,0.00%,0.11,6.54,27,100.00%,0.00,62.96%
com.calendar.schedule.taskapp,Calender,Kazakhstan,3/18/25,8,0,0.00%,0.05,6.65,14,100.00%,0.00,57.14%
com.calendar.schedule.taskapp,Calender,Kazakhstan,3/19/25,10,2,20.00%,0.10,9.97,22,100.00%,0.05,45.45%
com.calendar.schedule.taskapp,Calender,Kazakhstan,3/20/25,2,0,0.00%,0.03,13.59,8,100.00%,0.00,25.00%
com.calendar.schedule.taskapp,Calender,Kazakhstan,3/22/25,2,1,50.00%,0.01,5.04,7,100.00%,0.01,28.57%
com.calendar.schedule.taskapp,Calender,Kazakhstan,3/23/25,18,5,27.78%,0.10,5.36,39,97.44%,0.02,46.15%
com.calendar.schedule.taskapp,Calender,Kenya,3/14/25,8,6,75.00%,0.21,25.65,11,100.00%,0.03,72.73%
com.calendar.schedule.taskapp,Calender,Kenya,3/15/25,5,4,80.00%,0.10,20.34,14,100.00%,0.03,35.71%
com.calendar.schedule.taskapp,Calender,Kenya,3/16/25,8,3,37.50%,0.11,13.68,24,100.00%,0.04,33.33%
com.calendar.schedule.taskapp,Calender,Kenya,3/17/25,4,3,75.00%,0.06,15.80,8,100.00%,0.02,50.00%
com.calendar.schedule.taskapp,Calender,Kenya,3/18/25,43,9,20.93%,0.22,5.05,75,100.00%,0.02,57.33%
com.calendar.schedule.taskapp,Calender,Kenya,3/19/25,23,9,39.13%,0.37,15.94,49,100.00%,0.04,46.94%
com.calendar.schedule.taskapp,Calender,Kenya,3/20/25,11,1,9.09%,0.12,10.79,27,100.00%,0.12,40.74%
com.calendar.schedule.taskapp,Calender,Kenya,3/21/25,2,1,50.00%,0.03,13.74,8,100.00%,0.03,25.00%
com.calendar.schedule.taskapp,Calender,Kenya,3/22/25,3,0,0.00%,0.00,0.13,12,100.00%,0.00,25.00%
com.calendar.schedule.taskapp,Calender,Kenya,3/23/25,17,2,11.76%,0.03,1.94,34,100.00%,0.02,50.00%
com.calendar.schedule.taskapp,Calender,Kosovo,3/18/25,8,1,12.50%,0.03,3.16,13,100.00%,0.03,61.54%
com.calendar.schedule.taskapp,Calender,Kuwait,3/14/25,10,4,40.00%,0.23,23.33,13,100.00%,0.06,76.92%
com.calendar.schedule.taskapp,Calender,Kuwait,3/15/25,2,1,50.00%,0.10,51.78,4,100.00%,0.10,50.00%
com.calendar.schedule.taskapp,Calender,Kuwait,3/17/25,2,0,0.00%,0.07,34.00,4,100.00%,0.00,50.00%
com.calendar.schedule.taskapp,Calender,Kuwait,3/19/25,5,4,80.00%,0.52,103.57,8,100.00%,0.13,62.50%
com.calendar.schedule.taskapp,Calender,Kuwait,3/20/25,3,1,33.33%,0.01,3.90,4,100.00%,0.01,75.00%
com.calendar.schedule.taskapp,Calender,Kuwait,3/23/25,3,0,0.00%,0.04,14.08,6,100.00%,0.00,50.00%
com.calendar.schedule.taskapp,Calender,Kyrgyzstan,3/18/25,4,0,0.00%,0.00,0.41,8,100.00%,0.00,50.00%
com.calendar.schedule.taskapp,Calender,Kyrgyzstan,3/20/25,10,0,0.00%,0.11,11.26,13,100.00%,0.00,76.92%
com.calendar.schedule.taskapp,Calender,Kyrgyzstan,3/23/25,1,2,200.00%,0.01,10.50,7,100.00%,0.01,14.29%
com.calendar.schedule.taskapp,Calender,Laos,3/14/25,6,2,33.33%,0.01,1.29,8,100.00%,0.00,75.00%
com.calendar.schedule.taskapp,Calender,Laos,3/15/25,3,1,33.33%,0.05,18.15,5,100.00%,0.05,60.00%
com.calendar.schedule.taskapp,Calender,Laos,3/17/25,2,0,0.00%,0.01,2.80,3,100.00%,0.00,66.67%
com.calendar.schedule.taskapp,Calender,Laos,3/20/25,0,0,0.00%,0.00,0.00,3,100.00%,0.00,0.00%
com.calendar.schedule.taskapp,Calender,Laos,3/23/25,12,2,16.67%,0.01,0.64,25,72.00%,0.00,48.00%
com.calendar.schedule.taskapp,Calender,Latvia,3/22/25,0,0,0.00%,0.00,0.00,4,100.00%,0.00,0.00%
com.calendar.schedule.taskapp,Calender,Latvia,3/23/25,0,0,0.00%,0.00,0.00,9,100.00%,0.00,0.00%
com.calendar.schedule.taskapp,Calender,Lebanon,3/15/25,2,1,50.00%,0.03,14.24,3,100.00%,0.03,66.67%
com.calendar.schedule.taskapp,Calender,Lebanon,3/23/25,2,2,100.00%,0.02,9.20,5,100.00%,0.01,40.00%
com.calendar.schedule.taskapp,Calender,Lithuania,3/14/25,10,3,30.00%,0.07,7.10,13,100.00%,0.02,76.92%
com.calendar.schedule.taskapp,Calender,Lithuania,3/15/25,5,5,100.00%,0.07,13.27,8,100.00%,0.01,62.50%
com.calendar.schedule.taskapp,Calender,Lithuania,3/16/25,6,2,33.33%,0.09,15.28,9,100.00%,0.05,66.67%
com.calendar.schedule.taskapp,Calender,Lithuania,3/17/25,15,4,26.67%,0.28,18.68,21,100.00%,0.07,71.43%
com.calendar.schedule.taskapp,Calender,Lithuania,3/18/25,6,2,33.33%,0.14,23.63,13,100.00%,0.07,46.15%
com.calendar.schedule.taskapp,Calender,Lithuania,3/19/25,14,3,21.43%,0.31,21.82,27,100.00%,0.10,51.85%
com.calendar.schedule.taskapp,Calender,Lithuania,3/22/25,3,0,0.00%,0.01,3.73,7,100.00%,0.00,42.86%
com.calendar.schedule.taskapp,Calender,Lithuania,3/23/25,8,2,25.00%,0.06,7.75,27,100.00%,0.03,29.63%
com.calendar.schedule.taskapp,Calender,Luxembourg,3/20/25,1,0,0.00%,0.00,1.02,1,100.00%,0.00,100.00%
com.calendar.schedule.taskapp,Calender,Luxembourg,3/21/25,2,0,0.00%,0.00,1.30,2,100.00%,0.00,100.00%
com.calendar.schedule.taskapp,Calender,Madagascar,3/14/25,0,0,0.00%,0.00,0.00,3,100.00%,0.00,0.00%
com.calendar.schedule.taskapp,Calender,Malaysia,3/15/25,8,2,25.00%,0.07,8.50,15,100.00%,0.03,53.33%
com.calendar.schedule.taskapp,Calender,Malaysia,3/16/25,24,4,16.67%,0.63,26.06,36,100.00%,0.16,66.67%
com.calendar.schedule.taskapp,Calender,Malaysia,3/17/25,10,5,50.00%,0.28,27.85,15,100.00%,0.06,66.67%
com.calendar.schedule.taskapp,Calender,Malaysia,3/18/25,9,1,11.11%,0.06,6.93,22,100.00%,0.06,40.91%
com.calendar.schedule.taskapp,Calender,Malaysia,3/19/25,12,5,41.67%,0.10,8.65,22,100.00%,0.02,54.55%
com.calendar.schedule.taskapp,Calender,Malaysia,3/21/25,10,2,20.00%,0.07,7.39,26,100.00%,0.04,38.46%
com.calendar.schedule.taskapp,Calender,Malaysia,3/22/25,14,2,14.29%,0.12,8.90,27,100.00%,0.06,51.85%
com.calendar.schedule.taskapp,Calender,Malaysia,3/23/25,27,9,33.33%,0.10,3.80,64,100.00%,0.01,42.19%
com.calendar.schedule.taskapp,Calender,Mali,3/16/25,7,1,14.29%,0.04,6.12,18,83.33%,0.04,38.89%
com.calendar.schedule.taskapp,Calender,Mali,3/17/25,5,2,40.00%,0.10,20.44,8,100.00%,0.05,62.50%
com.calendar.schedule.taskapp,Calender,Mali,3/18/25,6,0,0.00%,0.02,3.17,9,100.00%,0.00,66.67%
com.calendar.schedule.taskapp,Calender,Mali,3/19/25,2,0,0.00%,0.01,2.98,14,100.00%,0.00,14.29%
com.calendar.schedule.taskapp,Calender,Mali,3/21/25,2,0,0.00%,0.00,2.21,6,66.67%,0.00,33.33%
com.calendar.schedule.taskapp,Calender,Mali,3/23/25,5,3,60.00%,0.04,7.63,11,90.91%,0.01,45.45%
com.calendar.schedule.taskapp,Calender,Malta,3/22/25,4,0,0.00%,0.01,2.94,13,100.00%,0.00,30.77%
com.calendar.schedule.taskapp,Calender,Malta,3/23/25,2,0,0.00%,0.00,1.85,3,100.00%,0.00,66.67%
com.calendar.schedule.taskapp,Calender,Mauritius,3/15/25,9,1,11.11%,0.09,10.04,12,100.00%,0.09,75.00%
com.calendar.schedule.taskapp,Calender,Mexico,3/14/25,29,6,20.69%,0.12,4.10,42,100.00%,0.02,69.05%
com.calendar.schedule.taskapp,Calender,Mexico,3/15/25,81,6,7.41%,0.47,5.78,134,100.00%,0.08,60.45%
com.calendar.schedule.taskapp,Calender,Mexico,3/16/25,37,5,13.51%,0.32,8.69,64,100.00%,0.06,57.81%
com.calendar.schedule.taskapp,Calender,Mexico,3/17/25,85,20,23.53%,0.95,11.17,133,99.25%,0.05,63.91%
com.calendar.schedule.taskapp,Calender,Mexico,3/18/25,132,26,19.70%,1.11,8.38,245,100.00%,0.04,53.88%
com.calendar.schedule.taskapp,Calender,Mexico,3/19/25,149,19,12.75%,1.37,9.21,267,100.00%,0.07,55.81%
com.calendar.schedule.taskapp,Calender,Mexico,3/20/25,127,24,18.90%,0.95,7.50,253,100.00%,0.04,50.20%
com.calendar.schedule.taskapp,Calender,Mexico,3/21/25,105,16,15.24%,0.56,5.30,211,100.00%,0.03,49.76%
com.calendar.schedule.taskapp,Calender,Mexico,3/22/25,66,11,16.67%,0.40,6.01,166,99.40%,0.04,39.76%
com.calendar.schedule.taskapp,Calender,Mexico,3/23/25,68,11,16.18%,0.46,6.73,187,100.00%,0.04,36.36%
com.calendar.schedule.taskapp,Calender,Moldova,3/16/25,4,3,75.00%,0.08,20.23,6,100.00%,0.03,66.67%
com.calendar.schedule.taskapp,Calender,Moldova,3/17/25,11,0,0.00%,0.08,7.07,16,100.00%,0.00,68.75%
com.calendar.schedule.taskapp,Calender,Moldova,3/18/25,10,0,0.00%,0.07,7.22,16,100.00%,0.00,62.50%
com.calendar.schedule.taskapp,Calender,Moldova,3/19/25,35,7,20.00%,0.32,9.20,60,100.00%,0.05,58.33%
com.calendar.schedule.taskapp,Calender,Moldova,3/21/25,1,0,0.00%,0.01,5.72,2,100.00%,0.00,50.00%
com.calendar.schedule.taskapp,Calender,Moldova,3/22/25,6,2,33.33%,0.03,5.05,14,100.00%,0.02,42.86%
com.calendar.schedule.taskapp,Calender,Moldova,3/23/25,10,1,10.00%,0.05,5.23,22,100.00%,0.05,45.45%
com.calendar.schedule.taskapp,Calender,Morocco,3/16/25,4,0,0.00%,0.03,7.13,6,100.00%,0.00,66.67%
com.calendar.schedule.taskapp,Calender,Morocco,3/17/25,13,3,23.08%,0.08,6.03,24,100.00%,0.03,54.17%
com.calendar.schedule.taskapp,Calender,Morocco,3/18/25,25,6,24.00%,0.15,5.94,51,98.04%,0.02,49.02%
com.calendar.schedule.taskapp,Calender,Morocco,3/19/25,9,0,0.00%,0.01,1.52,13,100.00%,0.00,69.23%
com.calendar.schedule.taskapp,Calender,Morocco,3/20/25,3,2,66.67%,0.09,31.57,10,100.00%,0.05,30.00%
com.calendar.schedule.taskapp,Calender,Morocco,3/21/25,6,0,0.00%,0.01,2.09,9,100.00%,0.00,66.67%
com.calendar.schedule.taskapp,Calender,Morocco,3/22/25,0,0,0.00%,0.00,0.00,2,100.00%,0.00,0.00%
com.calendar.schedule.taskapp,Calender,Morocco,3/23/25,6,3,50.00%,0.01,1.99,15,80.00%,0.00,40.00%
com.calendar.schedule.taskapp,Calender,Mozambique,3/17/25,7,0,0.00%,0.10,13.86,14,100.00%,0.00,50.00%
com.calendar.schedule.taskapp,Calender,Mozambique,3/19/25,5,2,40.00%,0.05,10.88,7,100.00%,0.03,71.43%
com.calendar.schedule.taskapp,Calender,Mozambique,3/20/25,0,0,0.00%,0.00,0.00,3,100.00%,0.00,0.00%
com.calendar.schedule.taskapp,Calender,Myanmar (Burma),3/18/25,4,0,0.00%,0.00,0.35,9,100.00%,0.00,44.44%
com.calendar.schedule.taskapp,Calender,Myanmar (Burma),3/20/25,0,0,0.00%,0.00,0.00,4,100.00%,0.00,0.00%
com.calendar.schedule.taskapp,Calender,N/A,3/18/25,1,1,100.00%,0.00,0.77,2,100.00%,0.00,50.00%
com.calendar.schedule.taskapp,Calender,N/A,3/20/25,0,0,0.00%,0.00,0.00,2,100.00%,0.00,0.00%
com.calendar.schedule.taskapp,Calender,N/A,3/22/25,0,0,0.00%,0.00,0.00,2,100.00%,0.00,0.00%
com.calendar.schedule.taskapp,Calender,N/A,3/23/25,5,1,20.00%,0.01,1.07,27,55.56%,0.01,18.52%
com.calendar.schedule.taskapp,Calender,Namibia,3/15/25,4,3,75.00%,0.02,4.69,6,100.00%,0.01,66.67%
com.calendar.schedule.taskapp,Calender,Namibia,3/19/25,8,2,25.00%,0.03,3.77,18,100.00%,0.02,44.44%
com.calendar.schedule.taskapp,Calender,Namibia,3/20/25,9,3,33.33%,0.03,3.49,32,100.00%,0.01,28.12%
com.calendar.schedule.taskapp,Calender,Namibia,3/21/25,0,0,0.00%,0.00,0.00,8,50.00%,0.00,0.00%
com.calendar.schedule.taskapp,Calender,Nepal,3/13/25,6,6,100.00%,0.00,0.79,11,90.91%,0.00,54.55%
com.calendar.schedule.taskapp,Calender,Nepal,3/14/25,14,2,14.29%,0.03,2.19,26,96.15%,0.02,53.85%
com.calendar.schedule.taskapp,Calender,Nepal,3/15/25,3,1,33.33%,0.01,1.99,5,100.00%,0.01,60.00%
com.calendar.schedule.taskapp,Calender,Nepal,3/16/25,5,1,20.00%,0.06,11.36,8,100.00%,0.06,62.50%
com.calendar.schedule.taskapp,Calender,Nepal,3/17/25,12,2,16.67%,0.00,0.40,20,90.00%,0.00,60.00%
com.calendar.schedule.taskapp,Calender,Nepal,3/18/25,3,3,100.00%,0.02,7.56,6,100.00%,0.01,50.00%
com.calendar.schedule.taskapp,Calender,Nepal,3/22/25,15,3,20.00%,0.01,0.56,23,95.65%,0.00,65.22%
com.calendar.schedule.taskapp,Calender,Nepal,3/23/25,8,4,50.00%,0.02,2.68,19,100.00%,0.01,42.11%
com.calendar.schedule.taskapp,Calender,Netherlands,3/16/25,5,1,20.00%,0.32,63.80,9,100.00%,0.32,55.56%
com.calendar.schedule.taskapp,Calender,Netherlands,3/17/25,3,0,0.00%,0.17,55.56,5,100.00%,0.00,60.00%
com.calendar.schedule.taskapp,Calender,Netherlands,3/19/25,15,0,0.00%,0.47,31.60,30,100.00%,0.00,50.00%
com.calendar.schedule.taskapp,Calender,Netherlands,3/21/25,1,0,0.00%,0.00,0.39,3,100.00%,0.00,33.33%
com.calendar.schedule.taskapp,Calender,Netherlands,3/22/25,2,0,0.00%,0.00,1.74,7,100.00%,0.00,28.57%
com.calendar.schedule.taskapp,Calender,Netherlands,3/23/25,4,3,75.00%,0.07,18.42,9,100.00%,0.02,44.44%
com.calendar.schedule.taskapp,Calender,New Zealand,3/16/25,24,4,16.67%,1.27,53.10,35,100.00%,0.32,68.57%
com.calendar.schedule.taskapp,Calender,New Zealand,3/22/25,19,2,10.53%,0.39,20.52,43,90.70%,0.19,44.19%
com.calendar.schedule.taskapp,Calender,Nicaragua,3/15/25,21,1,4.76%,0.03,1.43,38,100.00%,0.03,55.26%
com.calendar.schedule.taskapp,Calender,Nicaragua,3/16/25,0,0,0.00%,0.00,0.00,3,100.00%,0.00,0.00%
com.calendar.schedule.taskapp,Calender,Nicaragua,3/17/25,3,0,0.00%,0.00,1.44,12,100.00%,0.00,25.00%
com.calendar.schedule.taskapp,Calender,Nicaragua,3/18/25,0,0,0.00%,0.00,0.00,14,100.00%,0.00,0.00%
com.calendar.schedule.taskapp,Calender,Nicaragua,3/19/25,0,0,0.00%,0.00,0.00,12,100.00%,0.00,0.00%
com.calendar.schedule.taskapp,Calender,Nicaragua,3/20/25,0,0,0.00%,0.00,0.00,4,100.00%,0.00,0.00%
com.calendar.schedule.taskapp,Calender,Nicaragua,3/21/25,0,0,0.00%,0.00,0.00,7,100.00%,0.00,0.00%
com.calendar.schedule.taskapp,Calender,Nicaragua,3/22/25,5,2,40.00%,0.02,3.42,17,100.00%,0.01,29.41%
com.calendar.schedule.taskapp,Calender,Nicaragua,3/23/25,3,2,66.67%,0.01,3.00,11,100.00%,0.00,27.27%
com.calendar.schedule.taskapp,Calender,Nigeria,3/14/25,10,3,30.00%,0.01,1.49,13,100.00%,0.00,76.92%
com.calendar.schedule.taskapp,Calender,Nigeria,3/15/25,4,1,25.00%,0.01,2.50,5,100.00%,0.01,80.00%
com.calendar.schedule.taskapp,Calender,Nigeria,3/17/25,4,0,0.00%,0.03,6.73,6,100.00%,0.00,66.67%
com.calendar.schedule.taskapp,Calender,Nigeria,3/18/25,18,3,16.67%,0.15,8.10,33,100.00%,0.05,54.55%
com.calendar.schedule.taskapp,Calender,Nigeria,3/19/25,18,2,11.11%,0.05,2.70,34,100.00%,0.02,52.94%
com.calendar.schedule.taskapp,Calender,Nigeria,3/22/25,3,4,133.33%,0.01,4.19,9,100.00%,0.00,33.33%
com.calendar.schedule.taskapp,Calender,North Macedonia,3/18/25,7,1,14.29%,0.03,3.96,13,100.00%,0.03,53.85%
com.calendar.schedule.taskapp,Calender,North Macedonia,3/21/25,4,1,25.00%,0.01,1.84,6,100.00%,0.01,66.67%
com.calendar.schedule.taskapp,Calender,North Macedonia,3/23/25,3,0,0.00%,0.02,7.42,12,91.67%,0.00,25.00%
com.calendar.schedule.taskapp,Calender,Norway,3/15/25,4,0,0.00%,0.19,48.68,6,100.00%,0.00,66.67%
com.calendar.schedule.taskapp,Calender,Norway,3/16/25,7,1,14.29%,0.38,54.79,11,100.00%,0.38,63.64%
com.calendar.schedule.taskapp,Calender,Norway,3/17/25,2,0,0.00%,0.08,40.50,3,100.00%,0.00,66.67%
com.calendar.schedule.taskapp,Calender,Norway,3/19/25,3,0,0.00%,0.14,46.82,6,100.00%,0.00,50.00%
com.calendar.schedule.taskapp,Calender,Norway,3/20/25,5,3,60.00%,0.28,55.63,11,100.00%,0.09,45.45%
com.calendar.schedule.taskapp,Calender,Norway,3/21/25,0,0,0.00%,0.00,0.00,3,100.00%,0.00,0.00%
com.calendar.schedule.taskapp,Calender,Norway,3/22/25,1,0,0.00%,0.00,0.71,2,100.00%,0.00,50.00%
com.calendar.schedule.taskapp,Calender,Norway,3/23/25,0,0,0.00%,0.00,0.00,3,100.00%,0.00,0.00%
com.calendar.schedule.taskapp,Calender,Oman,3/16/25,7,1,14.29%,0.16,22.28,11,100.00%,0.16,63.64%
com.calendar.schedule.taskapp,Calender,Oman,3/18/25,6,1,16.67%,0.15,25.00,11,100.00%,0.15,54.55%
com.calendar.schedule.taskapp,Calender,Oman,3/22/25,5,2,40.00%,0.02,4.00,9,100.00%,0.01,55.56%
com.calendar.schedule.taskapp,Calender,Pakistan,3/14/25,35,4,11.43%,0.10,2.76,58,100.00%,0.02,60.34%
com.calendar.schedule.taskapp,Calender,Pakistan,3/15/25,17,0,0.00%,0.01,0.47,25,92.00%,0.00,68.00%
com.calendar.schedule.taskapp,Calender,Pakistan,3/16/25,17,2,11.76%,0.01,0.61,28,100.00%,0.01,60.71%
com.calendar.schedule.taskapp,Calender,Pakistan,3/17/25,8,0,0.00%,0.00,0.23,17,100.00%,0.00,47.06%
com.calendar.schedule.taskapp,Calender,Pakistan,3/18/25,23,8,34.78%,0.01,0.25,53,96.23%,0.00,43.40%
com.calendar.schedule.taskapp,Calender,Pakistan,3/19/25,36,4,11.11%,0.01,0.37,65,92.31%,0.00,55.38%
com.calendar.schedule.taskapp,Calender,Pakistan,3/20/25,9,1,11.11%,0.00,0.29,17,100.00%,0.00,52.94%
com.calendar.schedule.taskapp,Calender,Pakistan,3/21/25,9,1,11.11%,0.00,0.18,15,93.33%,0.00,60.00%
com.calendar.schedule.taskapp,Calender,Pakistan,3/22/25,4,1,25.00%,0.00,0.21,17,94.12%,0.00,23.53%
com.calendar.schedule.taskapp,Calender,Pakistan,3/23/25,8,0,0.00%,0.00,0.37,39,100.00%,0.00,20.51%
com.calendar.schedule.taskapp,Calender,Palestine,3/14/25,6,6,100.00%,0.02,2.54,7,100.00%,0.00,85.71%
com.calendar.schedule.taskapp,Calender,Panama,3/14/25,4,1,25.00%,0.12,29.76,9,100.00%,0.12,44.44%
com.calendar.schedule.taskapp,Calender,Panama,3/16/25,9,0,0.00%,0.04,4.70,11,100.00%,0.00,81.82%
com.calendar.schedule.taskapp,Calender,Panama,3/21/25,14,2,14.29%,0.06,4.44,39,100.00%,0.03,35.90%
com.calendar.schedule.taskapp,Calender,Panama,3/22/25,2,0,0.00%,0.01,2.83,9,100.00%,0.00,22.22%
com.calendar.schedule.taskapp,Calender,Panama,3/23/25,4,2,50.00%,0.01,2.74,8,100.00%,0.01,50.00%
com.calendar.schedule.taskapp,Calender,Papua New Guinea,3/15/25,5,1,20.00%,0.02,4.93,11,100.00%,0.02,45.45%
com.calendar.schedule.taskapp,Calender,Papua New Guinea,3/18/25,6,1,16.67%,0.02,2.78,10,100.00%,0.02,60.00%
com.calendar.schedule.taskapp,Calender,Papua New Guinea,3/23/25,0,0,0.00%,0.00,0.00,3,100.00%,0.00,0.00%
com.calendar.schedule.taskapp,Calender,Paraguay,3/19/25,1,0,0.00%,0.00,1.88,4,75.00%,0.00,25.00%
com.calendar.schedule.taskapp,Calender,Paraguay,3/20/25,9,3,33.33%,0.01,1.45,26,96.15%,0.00,34.62%
com.calendar.schedule.taskapp,Calender,Paraguay,3/22/25,6,1,16.67%,0.00,0.69,11,90.91%,0.00,54.55%
com.calendar.schedule.taskapp,Calender,Paraguay,3/23/25,12,3,25.00%,0.02,1.43,25,84.00%,0.01,48.00%
com.calendar.schedule.taskapp,Calender,Peru,3/16/25,2,0,0.00%,0.11,54.71,3,100.00%,0.00,66.67%
com.calendar.schedule.taskapp,Calender,Peru,3/17/25,2,0,0.00%,0.09,43.75,6,100.00%,0.00,33.33%
com.calendar.schedule.taskapp,Calender,Peru,3/18/25,22,7,31.82%,0.51,23.35,49,100.00%,0.07,44.90%
com.calendar.schedule.taskapp,Calender,Peru,3/19/25,20,11,55.00%,1.68,84.22,34,100.00%,0.15,58.82%
com.calendar.schedule.taskapp,Calender,Peru,3/20/25,17,10,58.82%,0.02,1.26,30,100.00%,0.00,56.67%
com.calendar.schedule.taskapp,Calender,Peru,3/21/25,3,1,33.33%,0.02,5.04,5,100.00%,0.02,60.00%
com.calendar.schedule.taskapp,Calender,Peru,3/22/25,6,1,16.67%,0.04,5.92,9,100.00%,0.04,66.67%
com.calendar.schedule.taskapp,Calender,Peru,3/23/25,64,12,18.75%,0.53,8.34,114,100.00%,0.04,56.14%
com.calendar.schedule.taskapp,Calender,Philippines,3/14/25,9,1,11.11%,0.04,3.93,12,100.00%,0.04,75.00%
com.calendar.schedule.taskapp,Calender,Philippines,3/15/25,2,1,50.00%,0.18,89.23,4,100.00%,0.18,50.00%
com.calendar.schedule.taskapp,Calender,Philippines,3/17/25,9,1,11.11%,0.07,7.29,15,100.00%,0.07,60.00%
com.calendar.schedule.taskapp,Calender,Philippines,3/18/25,17,1,5.88%,0.10,5.86,27,100.00%,0.10,62.96%
com.calendar.schedule.taskapp,Calender,Philippines,3/19/25,22,4,18.18%,0.14,6.39,34,100.00%,0.04,64.71%
com.calendar.schedule.taskapp,Calender,Philippines,3/20/25,8,2,25.00%,0.13,16.75,18,100.00%,0.07,44.44%
com.calendar.schedule.taskapp,Calender,Philippines,3/21/25,10,4,40.00%,0.03,3.16,18,100.00%,0.01,55.56%
com.calendar.schedule.taskapp,Calender,Philippines,3/22/25,0,0,0.00%,0.00,0.00,3,100.00%,0.00,0.00%
com.calendar.schedule.taskapp,Calender,Philippines,3/23/25,17,5,29.41%,0.16,9.68,52,100.00%,0.03,32.69%
com.calendar.schedule.taskapp,Calender,Poland,3/14/25,10,1,10.00%,0.07,6.72,14,100.00%,0.07,71.43%
com.calendar.schedule.taskapp,Calender,Poland,3/15/25,9,0,0.00%,0.07,7.65,14,100.00%,0.00,64.29%
com.calendar.schedule.taskapp,Calender,Poland,3/17/25,9,2,22.22%,0.23,25.39,14,100.00%,0.11,64.29%
com.calendar.schedule.taskapp,Calender,Poland,3/18/25,2,1,50.00%,0.03,14.10,4,100.00%,0.03,50.00%
com.calendar.schedule.taskapp,Calender,Poland,3/19/25,6,1,16.67%,0.08,12.64,8,100.00%,0.08,75.00%
com.calendar.schedule.taskapp,Calender,Poland,3/23/25,1,0,0.00%,0.00,0.29,6,100.00%,0.00,16.67%
com.calendar.schedule.taskapp,Calender,Portugal,3/15/25,14,5,35.71%,0.18,12.54,26,100.00%,0.04,53.85%
com.calendar.schedule.taskapp,Calender,Portugal,3/16/25,19,5,26.32%,0.30,15.65,28,100.00%,0.06,67.86%
com.calendar.schedule.taskapp,Calender,Portugal,3/17/25,15,3,20.00%,0.21,14.20,25,100.00%,0.07,60.00%
com.calendar.schedule.taskapp,Calender,Portugal,3/18/25,0,0,0.00%,0.00,0.00,1,100.00%,0.00,0.00%
com.calendar.schedule.taskapp,Calender,Portugal,3/19/25,21,1,4.76%,0.28,13.49,40,100.00%,0.28,52.50%
com.calendar.schedule.taskapp,Calender,Portugal,3/20/25,22,6,27.27%,0.37,16.65,48,100.00%,0.06,45.83%
com.calendar.schedule.taskapp,Calender,Portugal,3/21/25,18,1,5.56%,0.31,17.20,31,100.00%,0.31,58.06%
com.calendar.schedule.taskapp,Calender,Portugal,3/22/25,13,0,0.00%,0.16,12.67,22,100.00%,0.00,59.09%
com.calendar.schedule.taskapp,Calender,Portugal,3/23/25,14,0,0.00%,0.22,15.79,24,100.00%,0.00,58.33%
com.calendar.schedule.taskapp,Calender,Puerto Rico,3/14/25,4,1,25.00%,0.14,34.40,6,100.00%,0.14,66.67%
com.calendar.schedule.taskapp,Calender,Puerto Rico,3/15/25,19,5,26.32%,1.10,57.66,35,100.00%,0.22,54.29%
com.calendar.schedule.taskapp,Calender,Puerto Rico,3/16/25,24,8,33.33%,0.92,38.34,40,100.00%,0.12,60.00%
com.calendar.schedule.taskapp,Calender,Puerto Rico,3/17/25,8,2,25.00%,0.12,14.97,14,100.00%,0.06,57.14%
com.calendar.schedule.taskapp,Calender,Puerto Rico,3/18/25,61,10,16.39%,1.37,22.40,116,100.00%,0.14,52.59%
com.calendar.schedule.taskapp,Calender,Puerto Rico,3/19/25,47,17,36.17%,1.33,28.36,91,100.00%,0.08,51.65%
com.calendar.schedule.taskapp,Calender,Puerto Rico,3/20/25,22,2,9.09%,0.60,27.44,46,100.00%,0.30,47.83%
com.calendar.schedule.taskapp,Calender,Puerto Rico,3/21/25,15,3,20.00%,0.30,20.05,33,100.00%,0.10,45.45%
com.calendar.schedule.taskapp,Calender,Puerto Rico,3/22/25,29,5,17.24%,0.34,11.89,69,100.00%,0.07,42.03%
com.calendar.schedule.taskapp,Calender,Puerto Rico,3/23/25,14,3,21.43%,0.26,18.37,42,100.00%,0.09,33.33%
com.calendar.schedule.taskapp,Calender,Qatar,3/22/25,6,0,0.00%,0.01,1.94,14,100.00%,0.00,42.86%
com.calendar.schedule.taskapp,Calender,Qatar,3/23/25,2,0,0.00%,0.00,1.86,8,100.00%,0.00,25.00%
com.calendar.schedule.taskapp,Calender,Romania,3/14/25,61,9,14.75%,0.47,7.72,83,100.00%,0.05,73.49%
com.calendar.schedule.taskapp,Calender,Romania,3/15/25,12,3,25.00%,0.09,7.27,23,100.00%,0.03,52.17%
com.calendar.schedule.taskapp,Calender,Romania,3/16/25,8,1,12.50%,0.09,11.17,12,100.00%,0.09,66.67%
com.calendar.schedule.taskapp,Calender,Romania,3/17/25,22,6,27.27%,0.26,11.68,40,100.00%,0.04,55.00%
com.calendar.schedule.taskapp,Calender,Romania,3/18/25,14,3,21.43%,0.16,11.30,25,100.00%,0.05,56.00%
com.calendar.schedule.taskapp,Calender,Romania,3/19/25,29,6,20.69%,0.40,13.78,49,100.00%,0.07,59.18%
com.calendar.schedule.taskapp,Calender,Romania,3/20/25,37,14,37.84%,0.32,8.74,83,100.00%,0.02,44.58%
com.calendar.schedule.taskapp,Calender,Romania,3/21/25,10,1,10.00%,0.06,5.79,20,100.00%,0.06,50.00%
com.calendar.schedule.taskapp,Calender,Romania,3/22/25,9,2,22.22%,0.12,13.26,19,100.00%,0.06,47.37%
com.calendar.schedule.taskapp,Calender,Romania,3/23/25,18,2,11.11%,0.12,6.65,51,100.00%,0.06,35.29%
com.calendar.schedule.taskapp,Calender,Rwanda,3/13/25,6,0,0.00%,0.00,0.60,11,100.00%,0.00,54.55%
com.calendar.schedule.taskapp,Calender,Rwanda,3/14/25,3,0,0.00%,0.00,0.87,30,100.00%,0.00,10.00%
com.calendar.schedule.taskapp,Calender,Rwanda,3/15/25,6,2,33.33%,0.00,0.66,12,100.00%,0.00,50.00%
com.calendar.schedule.taskapp,Calender,Rwanda,3/16/25,8,0,0.00%,0.01,0.96,22,100.00%,0.00,36.36%
com.calendar.schedule.taskapp,Calender,Rwanda,3/17/25,0,0,0.00%,0.00,0.00,3,100.00%,0.00,0.00%
com.calendar.schedule.taskapp,Calender,Rwanda,3/18/25,3,0,0.00%,0.00,0.51,5,100.00%,0.00,60.00%
com.calendar.schedule.taskapp,Calender,Rwanda,3/19/25,6,0,0.00%,0.00,0.70,11,100.00%,0.00,54.55%
com.calendar.schedule.taskapp,Calender,Rwanda,3/20/25,6,0,0.00%,0.00,0.60,11,100.00%,0.00,54.55%
com.calendar.schedule.taskapp,Calender,Rwanda,3/21/25,7,0,0.00%,0.01,0.96,8,100.00%,0.00,87.50%
com.calendar.schedule.taskapp,Calender,Rwanda,3/22/25,7,0,0.00%,0.01,1.09,12,100.00%,0.00,58.33%
com.calendar.schedule.taskapp,Calender,Rwanda,3/23/25,13,0,0.00%,0.02,1.26,26,100.00%,0.00,50.00%
com.calendar.schedule.taskapp,Calender,Saudi Arabia,3/14/25,17,5,29.41%,0.22,13.10,28,100.00%,0.04,60.71%
com.calendar.schedule.taskapp,Calender,Saudi Arabia,3/16/25,18,1,5.56%,0.28,15.36,26,100.00%,0.28,69.23%
com.calendar.schedule.taskapp,Calender,Saudi Arabia,3/17/25,8,4,50.00%,0.27,33.50,14,100.00%,0.07,57.14%
com.calendar.schedule.taskapp,Calender,Saudi Arabia,3/18/25,15,0,0.00%,0.44,29.59,28,100.00%,0.00,53.57%
com.calendar.schedule.taskapp,Calender,Saudi Arabia,3/19/25,4,0,0.00%,0.03,8.14,7,100.00%,0.00,57.14%
com.calendar.schedule.taskapp,Calender,Saudi Arabia,3/20/25,0,0,0.00%,0.00,0.00,2,100.00%,0.00,0.00%
com.calendar.schedule.taskapp,Calender,Saudi Arabia,3/21/25,1,0,0.00%,0.00,3.73,5,100.00%,0.00,20.00%
com.calendar.schedule.taskapp,Calender,Saudi Arabia,3/22/25,14,8,57.14%,0.30,21.67,22,100.00%,0.04,63.64%
com.calendar.schedule.taskapp,Calender,Saudi Arabia,3/23/25,9,4,44.44%,0.20,22.68,19,100.00%,0.05,47.37%
com.calendar.schedule.taskapp,Calender,Senegal,3/14/25,12,4,33.33%,0.05,4.50,19,100.00%,0.01,63.16%
com.calendar.schedule.taskapp,Calender,Senegal,3/15/25,19,4,21.05%,0.09,4.49,34,100.00%,0.02,55.88%
com.calendar.schedule.taskapp,Calender,Senegal,3/16/25,0,0,0.00%,0.00,0.00,3,100.00%,0.00,0.00%
com.calendar.schedule.taskapp,Calender,Senegal,3/19/25,6,2,33.33%,0.04,6.99,10,100.00%,0.02,60.00%
com.calendar.schedule.taskapp,Calender,Senegal,3/20/25,0,0,0.00%,0.00,0.00,3,100.00%,0.00,0.00%
com.calendar.schedule.taskapp,Calender,Senegal,3/21/25,9,1,11.11%,0.02,2.38,32,100.00%,0.02,28.12%
com.calendar.schedule.taskapp,Calender,Senegal,3/22/25,7,3,42.86%,0.03,3.92,19,94.74%,0.01,36.84%
com.calendar.schedule.taskapp,Calender,Senegal,3/23/25,3,0,0.00%,0.00,0.64,6,83.33%,0.00,50.00%
com.calendar.schedule.taskapp,Calender,Serbia,3/15/25,2,1,50.00%,0.06,32.36,3,100.00%,0.06,66.67%
com.calendar.schedule.taskapp,Calender,Serbia,3/17/25,4,0,0.00%,0.01,1.51,5,100.00%,0.00,80.00%
com.calendar.schedule.taskapp,Calender,Serbia,3/22/25,0,0,0.00%,0.00,0.00,3,100.00%,0.00,0.00%
com.calendar.schedule.taskapp,Calender,Sierra Leone,3/14/25,12,2,16.67%,0.04,3.50,22,100.00%,0.02,54.55%
com.calendar.schedule.taskapp,Calender,Sierra Leone,3/15/25,1,0,0.00%,0.00,2.55,5,60.00%,0.00,20.00%
com.calendar.schedule.taskapp,Calender,Sierra Leone,3/16/25,0,0,0.00%,0.00,0.00,3,33.33%,0.00,0.00%
com.calendar.schedule.taskapp,Calender,Sierra Leone,3/17/25,0,0,0.00%,0.00,0.00,1,100.00%,0.00,0.00%
com.calendar.schedule.taskapp,Calender,Singapore,3/15/25,9,1,11.11%,0.11,12.73,15,100.00%,0.11,60.00%
com.calendar.schedule.taskapp,Calender,Singapore,3/16/25,5,2,40.00%,0.05,9.75,7,100.00%,0.02,71.43%
com.calendar.schedule.taskapp,Calender,Singapore,3/19/25,2,0,0.00%,0.13,64.42,4,100.00%,0.00,50.00%
com.calendar.schedule.taskapp,Calender,Singapore,3/20/25,9,4,44.44%,0.92,102.09,19,100.00%,0.23,47.37%
com.calendar.schedule.taskapp,Calender,Slovakia,3/14/25,4,1,25.00%,0.03,7.67,7,100.00%,0.03,57.14%
com.calendar.schedule.taskapp,Calender,Slovakia,3/15/25,2,1,50.00%,0.06,30.06,4,100.00%,0.06,50.00%
com.calendar.schedule.taskapp,Calender,Slovakia,3/19/25,3,1,33.33%,0.07,22.47,6,100.00%,0.07,50.00%
com.calendar.schedule.taskapp,Calender,Slovakia,3/21/25,11,4,36.36%,0.23,21.21,25,100.00%,0.06,44.00%
com.calendar.schedule.taskapp,Calender,Slovakia,3/22/25,6,4,66.67%,0.05,8.65,10,100.00%,0.01,60.00%
com.calendar.schedule.taskapp,Calender,Slovakia,3/23/25,27,7,25.93%,0.17,6.39,57,100.00%,0.02,47.37%
com.calendar.schedule.taskapp,Calender,Slovenia,3/20/25,9,2,22.22%,0.23,25.88,18,100.00%,0.12,50.00%
com.calendar.schedule.taskapp,Calender,Slovenia,3/21/25,0,0,0.00%,0.00,0.00,3,100.00%,0.00,0.00%
com.calendar.schedule.taskapp,Calender,Somalia,3/16/25,20,11,55.00%,0.22,10.87,33,100.00%,0.02,60.61%
com.calendar.schedule.taskapp,Calender,South Africa,3/14/25,32,16,50.00%,0.75,23.33,43,100.00%,0.05,74.42%
com.calendar.schedule.taskapp,Calender,South Africa,3/15/25,61,14,22.95%,1.06,17.34,105,100.00%,0.08,58.10%
com.calendar.schedule.taskapp,Calender,South Africa,3/16/25,64,13,20.31%,1.26,19.69,92,100.00%,0.10,69.57%
com.calendar.schedule.taskapp,Calender,South Africa,3/17/25,51,14,27.45%,1.01,19.76,102,100.00%,0.07,50.00%
com.calendar.schedule.taskapp,Calender,South Africa,3/18/25,109,44,40.37%,2.37,21.76,213,100.00%,0.05,51.17%
com.calendar.schedule.taskapp,Calender,South Africa,3/19/25,81,25,30.86%,1.52,18.81,166,96.39%,0.06,48.80%
com.calendar.schedule.taskapp,Calender,South Africa,3/20/25,117,31,26.50%,2.33,19.94,239,100.00%,0.08,48.95%
com.calendar.schedule.taskapp,Calender,South Africa,3/21/25,40,12,30.00%,0.46,11.45,101,100.00%,0.04,39.60%
com.calendar.schedule.taskapp,Calender,South Africa,3/22/25,44,4,9.09%,0.35,7.98,165,100.00%,0.09,26.67%
com.calendar.schedule.taskapp,Calender,South Africa,3/23/25,100,13,13.00%,1.14,11.44,232,99.57%,0.09,43.10%
com.calendar.schedule.taskapp,Calender,South Korea,3/14/25,24,8,33.33%,2.38,99.31,38,100.00%,0.30,63.16%
com.calendar.schedule.taskapp,Calender,South Korea,3/15/25,47,19,40.43%,4.04,85.87,73,100.00%,0.21,64.38%
com.calendar.schedule.taskapp,Calender,South Korea,3/16/25,152,40,26.32%,14.02,92.26,259,100.00%,0.35,58.69%
com.calendar.schedule.taskapp,Calender,South Korea,3/17/25,29,7,24.14%,3.45,119.02,52,100.00%,0.49,55.77%
com.calendar.schedule.taskapp,Calender,South Korea,3/18/25,56,12,21.43%,4.87,86.91,119,100.00%,0.41,47.06%
com.calendar.schedule.taskapp,Calender,South Korea,3/19/25,161,49,30.43%,12.40,77.02,320,100.00%,0.25,50.31%
com.calendar.schedule.taskapp,Calender,South Korea,3/20/25,179,78,43.58%,10.96,61.25,325,100.00%,0.14,55.08%
com.calendar.schedule.taskapp,Calender,South Korea,3/21/25,63,14,22.22%,1.09,17.32,126,100.00%,0.08,50.00%
com.calendar.schedule.taskapp,Calender,South Korea,3/22/25,80,33,41.25%,2.85,35.60,180,100.00%,0.09,44.44%
com.calendar.schedule.taskapp,Calender,South Korea,3/23/25,178,38,21.35%,5.75,32.31,421,100.00%,0.15,42.28%
com.calendar.schedule.taskapp,Calender,Spain,3/14/25,65,9,13.85%,0.50,7.64,95,100.00%,0.06,68.42%
com.calendar.schedule.taskapp,Calender,Spain,3/15/25,0,0,0.00%,0.00,0.00,9,100.00%,0.00,0.00%
com.calendar.schedule.taskapp,Calender,Spain,3/16/25,17,3,17.65%,0.26,15.21,34,100.00%,0.09,50.00%
com.calendar.schedule.taskapp,Calender,Spain,3/17/25,66,7,10.61%,1.01,15.31,99,100.00%,0.14,66.67%
com.calendar.schedule.taskapp,Calender,Spain,3/18/25,81,27,33.33%,0.90,11.10,139,100.00%,0.03,58.27%
com.calendar.schedule.taskapp,Calender,Spain,3/19/25,85,27,31.76%,1.03,12.10,147,99.32%,0.04,57.82%
com.calendar.schedule.taskapp,Calender,Spain,3/20/25,20,4,20.00%,0.24,12.13,47,100.00%,0.06,42.55%
com.calendar.schedule.taskapp,Calender,Spain,3/21/25,6,0,0.00%,0.03,5.15,11,100.00%,0.00,54.55%
com.calendar.schedule.taskapp,Calender,Spain,3/22/25,25,1,4.00%,0.11,4.41,54,100.00%,0.11,46.30%
com.calendar.schedule.taskapp,Calender,Spain,3/23/25,45,13,28.89%,0.45,9.93,83,100.00%,0.03,54.22%
com.calendar.schedule.taskapp,Calender,Sri Lanka,3/13/25,2,1,50.00%,0.01,2.98,7,100.00%,0.01,28.57%
com.calendar.schedule.taskapp,Calender,Sri Lanka,3/20/25,0,0,0.00%,0.00,0.00,3,100.00%,0.00,0.00%
com.calendar.schedule.taskapp,Calender,Sudan,3/14/25,2,1,50.00%,0.03,14.53,3,100.00%,0.03,66.67%
com.calendar.schedule.taskapp,Calender,Sweden,3/18/25,13,1,7.69%,0.48,37.08,27,100.00%,0.48,48.15%
com.calendar.schedule.taskapp,Calender,Sweden,3/19/25,2,1,50.00%,0.04,21.19,5,100.00%,0.04,40.00%
com.calendar.schedule.taskapp,Calender,Sweden,3/20/25,0,0,0.00%,0.00,0.00,3,100.00%,0.00,0.00%
com.calendar.schedule.taskapp,Calender,Sweden,3/21/25,1,0,0.00%,0.00,1.09,2,100.00%,0.00,50.00%
com.calendar.schedule.taskapp,Calender,Sweden,3/22/25,7,0,0.00%,0.17,24.09,11,100.00%,0.00,63.64%
com.calendar.schedule.taskapp,Calender,Sweden,3/23/25,11,1,9.09%,0.18,16.62,24,100.00%,0.18,45.83%
com.calendar.schedule.taskapp,Calender,Switzerland,3/14/25,4,2,50.00%,0.09,23.36,7,100.00%,0.05,57.14%
com.calendar.schedule.taskapp,Calender,Switzerland,3/18/25,8,4,50.00%,0.37,45.64,15,100.00%,0.09,53.33%
com.calendar.schedule.taskapp,Calender,Switzerland,3/20/25,1,0,0.00%,0.01,6.92,2,100.00%,0.00,50.00%
com.calendar.schedule.taskapp,Calender,Switzerland,3/21/25,5,0,0.00%,0.05,9.41,13,100.00%,0.00,38.46%
com.calendar.schedule.taskapp,Calender,Switzerland,3/22/25,2,2,100.00%,0.12,58.75,5,100.00%,0.06,40.00%
com.calendar.schedule.taskapp,Calender,Switzerland,3/23/25,13,3,23.08%,0.35,26.89,26,100.00%,0.12,50.00%
com.calendar.schedule.taskapp,Calender,Taiwan,3/14/25,40,0,0.00%,0.06,1.46,59,100.00%,0.00,67.80%
com.calendar.schedule.taskapp,Calender,Taiwan,3/15/25,2,0,0.00%,0.01,4.00,5,100.00%,0.00,40.00%
com.calendar.schedule.taskapp,Calender,Taiwan,3/16/25,5,0,0.00%,0.01,2.29,6,100.00%,0.00,83.33%
com.calendar.schedule.taskapp,Calender,Taiwan,3/18/25,17,2,11.76%,0.33,19.59,32,100.00%,0.17,53.12%
com.calendar.schedule.taskapp,Calender,Taiwan,3/19/25,6,3,50.00%,0.86,143.08,12,100.00%,0.29,50.00%
com.calendar.schedule.taskapp,Calender,Taiwan,3/22/25,1,0,0.00%,0.00,1.24,2,100.00%,0.00,50.00%
com.calendar.schedule.taskapp,Calender,Taiwan,3/23/25,14,5,35.71%,0.69,49.11,34,100.00%,0.14,41.18%
com.calendar.schedule.taskapp,Calender,Tajikistan,3/13/25,3,0,0.00%,0.00,0.20,5,100.00%,0.00,60.00%
com.calendar.schedule.taskapp,Calender,Tanzania,3/18/25,19,10,52.63%,0.03,1.36,38,100.00%,0.00,50.00%
com.calendar.schedule.taskapp,Calender,Tanzania,3/19/25,2,0,0.00%,0.01,3.31,3,100.00%,0.00,66.67%
com.calendar.schedule.taskapp,Calender,Tanzania,3/22/25,2,1,50.00%,0.02,8.90,5,100.00%,0.02,40.00%
com.calendar.schedule.taskapp,Calender,Tanzania,3/23/25,0,0,0.00%,0.00,0.00,3,100.00%,0.00,0.00%
com.calendar.schedule.taskapp,Calender,Thailand,3/19/25,2,0,0.00%,0.05,26.94,4,100.00%,0.00,50.00%
com.calendar.schedule.taskapp,Calender,Thailand,3/23/25,7,2,28.57%,0.03,3.85,30,100.00%,0.01,23.33%
com.calendar.schedule.taskapp,Calender,The Bahamas,3/17/25,5,2,40.00%,0.14,28.23,7,100.00%,0.07,71.43%
com.calendar.schedule.taskapp,Calender,The Bahamas,3/21/25,0,0,0.00%,0.00,0.00,2,100.00%,0.00,0.00%
com.calendar.schedule.taskapp,Calender,Togo,3/13/25,10,1,10.00%,0.01,0.73,13,100.00%,0.01,76.92%
com.calendar.schedule.taskapp,Calender,Togo,3/16/25,7,1,14.29%,0.01,1.75,13,100.00%,0.01,53.85%
com.calendar.schedule.taskapp,Calender,Togo,3/22/25,0,0,0.00%,0.00,0.00,3,100.00%,0.00,0.00%
com.calendar.schedule.taskapp,Calender,Trinidad and Tobago,3/21/25,4,0,0.00%,0.01,1.81,7,100.00%,0.00,57.14%
com.calendar.schedule.taskapp,Calender,Tunisia,3/14/25,6,0,0.00%,0.10,17.17,9,100.00%,0.00,66.67%
com.calendar.schedule.taskapp,Calender,Tunisia,3/16/25,2,0,0.00%,0.02,10.40,3,100.00%,0.00,66.67%
com.calendar.schedule.taskapp,Calender,Tunisia,3/18/25,17,3,17.65%,0.06,3.65,27,100.00%,0.02,62.96%
com.calendar.schedule.taskapp,Calender,Tunisia,3/19/25,8,2,25.00%,0.04,5.31,11,100.00%,0.02,72.73%
com.calendar.schedule.taskapp,Calender,Tunisia,3/20/25,3,0,0.00%,0.00,0.63,10,100.00%,0.00,30.00%
com.calendar.schedule.taskapp,Calender,Tunisia,3/21/25,0,0,0.00%,0.00,0.00,4,100.00%,0.00,0.00%
com.calendar.schedule.taskapp,Calender,Tunisia,3/23/25,5,0,0.00%,0.02,3.55,13,92.31%,0.00,38.46%
com.calendar.schedule.taskapp,Calender,Turkiye,3/14/25,12,6,50.00%,0.37,30.46,18,100.00%,0.06,66.67%
com.calendar.schedule.taskapp,Calender,Turkiye,3/15/25,35,4,11.43%,0.21,6.12,57,100.00%,0.05,61.40%
com.calendar.schedule.taskapp,Calender,Turkiye,3/16/25,63,22,34.92%,0.47,7.46,94,100.00%,0.02,67.02%
com.calendar.schedule.taskapp,Calender,Turkiye,3/17/25,34,5,14.71%,0.32,9.43,57,100.00%,0.06,59.65%
com.calendar.schedule.taskapp,Calender,Turkiye,3/18/25,79,21,26.58%,0.77,9.74,143,100.00%,0.04,55.24%
com.calendar.schedule.taskapp,Calender,Turkiye,3/19/25,187,38,20.32%,1.75,9.34,336,100.00%,0.05,55.65%
com.calendar.schedule.taskapp,Calender,Turkiye,3/20/25,49,13,26.53%,0.55,11.21,112,100.00%,0.04,43.75%
com.calendar.schedule.taskapp,Calender,Turkiye,3/21/25,42,9,21.43%,0.24,5.83,106,100.00%,0.03,39.62%
com.calendar.schedule.taskapp,Calender,Turkiye,3/22/25,45,8,17.78%,0.44,9.82,105,100.00%,0.06,42.86%
com.calendar.schedule.taskapp,Calender,Turkiye,3/23/25,122,17,13.93%,0.72,5.92,290,99.66%,0.04,42.07%
com.calendar.schedule.taskapp,Calender,Uganda,3/13/25,14,5,35.71%,0.07,4.68,22,81.82%,0.01,63.64%
com.calendar.schedule.taskapp,Calender,Uganda,3/18/25,12,2,16.67%,0.03,2.15,25,96.00%,0.01,48.00%
com.calendar.schedule.taskapp,Calender,Uganda,3/19/25,8,1,12.50%,0.06,7.56,19,78.95%,0.06,42.11%
com.calendar.schedule.taskapp,Calender,Uganda,3/20/25,16,0,0.00%,0.08,4.79,43,67.44%,0.00,37.21%
com.calendar.schedule.taskapp,Calender,Uganda,3/21/25,10,1,10.00%,0.03,3.41,18,100.00%,0.03,55.56%
com.calendar.schedule.taskapp,Calender,Uganda,3/22/25,10,1,10.00%,0.03,2.55,13,100.00%,0.03,76.92%
com.calendar.schedule.taskapp,Calender,Uganda,3/23/25,3,1,33.33%,0.01,1.84,26,69.23%,0.01,11.54%
com.calendar.schedule.taskapp,Calender,Ukraine,3/14/25,21,2,9.52%,0.12,5.85,32,100.00%,0.06,65.62%
com.calendar.schedule.taskapp,Calender,Ukraine,3/15/25,23,7,30.43%,0.32,14.03,36,100.00%,0.05,63.89%
com.calendar.schedule.taskapp,Calender,Ukraine,3/16/25,2,0,0.00%,0.00,1.84,7,100.00%,0.00,28.57%
com.calendar.schedule.taskapp,Calender,Ukraine,3/18/25,41,12,29.27%,0.54,13.23,73,100.00%,0.05,56.16%
com.calendar.schedule.taskapp,Calender,Ukraine,3/19/25,14,1,7.14%,0.16,11.58,28,100.00%,0.16,50.00%
com.calendar.schedule.taskapp,Calender,Ukraine,3/20/25,18,3,16.67%,0.14,7.80,33,100.00%,0.05,54.55%
com.calendar.schedule.taskapp,Calender,Ukraine,3/21/25,11,3,27.27%,0.04,3.32,35,100.00%,0.01,31.43%
com.calendar.schedule.taskapp,Calender,Ukraine,3/22/25,12,1,8.33%,0.03,2.46,37,100.00%,0.03,32.43%
com.calendar.schedule.taskapp,Calender,Ukraine,3/23/25,27,6,22.22%,0.20,7.28,64,98.44%,0.03,42.19%
com.calendar.schedule.taskapp,Calender,United Arab Emirates,3/17/25,11,0,0.00%,0.06,5.39,19,100.00%,0.00,57.89%
com.calendar.schedule.taskapp,Calender,United Arab Emirates,3/18/25,28,7,25.00%,0.55,19.50,52,100.00%,0.08,53.85%
com.calendar.schedule.taskapp,Calender,United Arab Emirates,3/19/25,2,1,50.00%,0.10,48.51,6,100.00%,0.10,33.33%
com.calendar.schedule.taskapp,Calender,United Arab Emirates,3/20/25,6,0,0.00%,0.03,5.25,12,100.00%,0.00,50.00%
com.calendar.schedule.taskapp,Calender,United Arab Emirates,3/23/25,4,0,0.00%,0.01,3.42,9,100.00%,0.00,44.44%
com.calendar.schedule.taskapp,Calender,United Kingdom,3/14/25,8,4,50.00%,0.26,32.09,11,100.00%,0.06,72.73%
com.calendar.schedule.taskapp,Calender,United Kingdom,3/15/25,14,9,64.29%,0.56,40.32,23,100.00%,0.06,60.87%
com.calendar.schedule.taskapp,Calender,United Kingdom,3/17/25,15,1,6.67%,0.75,50.09,22,100.00%,0.75,68.18%
com.calendar.schedule.taskapp,Calender,United Kingdom,3/18/25,2,1,50.00%,0.09,43.63,6,100.00%,0.09,33.33%
com.calendar.schedule.taskapp,Calender,United Kingdom,3/19/25,30,11,36.67%,0.87,29.01,62,100.00%,0.08,48.39%
com.calendar.schedule.taskapp,Calender,United Kingdom,3/20/25,27,8,29.63%,1.73,63.95,65,100.00%,0.22,41.54%
com.calendar.schedule.taskapp,Calender,United Kingdom,3/21/25,26,8,30.77%,0.83,32.05,61,96.72%,0.10,42.62%
com.calendar.schedule.taskapp,Calender,United Kingdom,3/22/25,18,1,5.56%,0.69,38.25,55,100.00%,0.69,32.73%
com.calendar.schedule.taskapp,Calender,United Kingdom,3/23/25,25,5,20.00%,0.89,35.69,65,98.46%,0.18,38.46%
com.calendar.schedule.taskapp,Calender,United States,3/13/25,2,0,0.00%,0.01,6.50,6,100.00%,0.00,33.33%
com.calendar.schedule.taskapp,Calender,United States,3/14/25,91,40,43.96%,9.92,109.05,140,99.29%,0.25,65.00%
com.calendar.schedule.taskapp,Calender,United States,3/15/25,277,63,22.74%,30.77,111.10,423,100.00%,0.49,65.48%
com.calendar.schedule.taskapp,Calender,United States,3/16/25,167,25,14.97%,18.63,111.54,284,99.65%,0.75,58.80%
com.calendar.schedule.taskapp,Calender,United States,3/17/25,186,35,18.82%,24.01,129.10,377,99.73%,0.69,49.34%
com.calendar.schedule.taskapp,Calender,United States,3/18/25,217,54,24.88%,23.97,110.48,442,99.55%,0.44,49.10%
com.calendar.schedule.taskapp,Calender,United States,3/19/25,419,102,24.34%,40.69,97.11,828,100.00%,0.40,50.60%
com.calendar.schedule.taskapp,Calender,United States,3/20/25,344,76,22.09%,33.28,96.75,684,99.71%,0.44,50.29%
com.calendar.schedule.taskapp,Calender,United States,3/21/25,460,106,23.04%,32.35,70.32,956,99.79%,0.31,48.12%
com.calendar.schedule.taskapp,Calender,United States,3/22/25,537,133,24.77%,42.63,79.38,"1,232",99.27%,0.32,43.59%
com.calendar.schedule.taskapp,Calender,United States,3/23/25,480,94,19.58%,49.77,103.69,"1,211",99.92%,0.53,39.64%
com.calendar.schedule.taskapp,Calender,Uruguay,3/14/25,18,5,27.78%,0.12,6.69,33,100.00%,0.02,54.55%
com.calendar.schedule.taskapp,Calender,Uruguay,3/15/25,3,1,33.33%,0.03,8.41,5,100.00%,0.03,60.00%
com.calendar.schedule.taskapp,Calender,Uruguay,3/16/25,2,1,50.00%,0.01,5.67,3,100.00%,0.01,66.67%
com.calendar.schedule.taskapp,Calender,Uruguay,3/17/25,11,3,27.27%,0.09,8.62,25,100.00%,0.03,44.00%
com.calendar.schedule.taskapp,Calender,Uruguay,3/18/25,2,0,0.00%,0.00,1.74,4,100.00%,0.00,50.00%
com.calendar.schedule.taskapp,Calender,Uruguay,3/19/25,10,2,20.00%,0.05,4.81,21,100.00%,0.02,47.62%
com.calendar.schedule.taskapp,Calender,Uruguay,3/20/25,21,2,9.52%,0.24,11.46,46,100.00%,0.12,45.65%
com.calendar.schedule.taskapp,Calender,Uruguay,3/21/25,3,0,0.00%,0.03,9.18,9,100.00%,0.00,33.33%
com.calendar.schedule.taskapp,Calender,Uruguay,3/22/25,8,0,0.00%,0.04,4.96,20,100.00%,0.00,40.00%
com.calendar.schedule.taskapp,Calender,Uruguay,3/23/25,14,5,35.71%,0.13,9.06,34,100.00%,0.03,41.18%
com.calendar.schedule.taskapp,Calender,Uzbekistan,3/14/25,13,2,15.38%,0.02,1.32,26,100.00%,0.01,50.00%
com.calendar.schedule.taskapp,Calender,Uzbekistan,3/15/25,7,0,0.00%,0.05,7.06,10,100.00%,0.00,70.00%
com.calendar.schedule.taskapp,Calender,Uzbekistan,3/16/25,2,1,50.00%,0.12,59.97,3,100.00%,0.12,66.67%
com.calendar.schedule.taskapp,Calender,Uzbekistan,3/17/25,6,1,16.67%,0.11,18.20,9,100.00%,0.11,66.67%
com.calendar.schedule.taskapp,Calender,Uzbekistan,3/18/25,14,2,14.29%,0.03,1.79,24,100.00%,0.01,58.33%
com.calendar.schedule.taskapp,Calender,Uzbekistan,3/19/25,1,0,0.00%,0.00,0.32,4,100.00%,0.00,25.00%
com.calendar.schedule.taskapp,Calender,Uzbekistan,3/20/25,11,2,18.18%,0.02,1.68,22,100.00%,0.01,50.00%
com.calendar.schedule.taskapp,Calender,Uzbekistan,3/21/25,5,0,0.00%,0.01,2.16,8,100.00%,0.00,62.50%
com.calendar.schedule.taskapp,Calender,Uzbekistan,3/22/25,7,4,57.14%,0.03,4.44,13,100.00%,0.01,53.85%
com.calendar.schedule.taskapp,Calender,Uzbekistan,3/23/25,5,1,20.00%,0.02,3.55,14,100.00%,0.02,35.71%
com.calendar.schedule.taskapp,Calender,Venezuela,3/15/25,10,4,40.00%,0.05,4.75,15,100.00%,0.01,66.67%
com.calendar.schedule.taskapp,Calender,Venezuela,3/17/25,5,3,60.00%,0.01,1.88,7,100.00%,0.00,71.43%
com.calendar.schedule.taskapp,Calender,Venezuela,3/18/25,6,4,66.67%,0.02,2.56,14,92.86%,0.00,42.86%
com.calendar.schedule.taskapp,Calender,Venezuela,3/19/25,32,14,43.75%,0.13,3.94,55,100.00%,0.01,58.18%
com.calendar.schedule.taskapp,Calender,Venezuela,3/20/25,6,0,0.00%,0.02,2.96,16,100.00%,0.00,37.50%
com.calendar.schedule.taskapp,Calender,Venezuela,3/21/25,2,0,0.00%,0.01,6.41,14,100.00%,0.00,14.29%
com.calendar.schedule.taskapp,Calender,Venezuela,3/22/25,2,1,50.00%,0.01,3.74,16,75.00%,0.01,12.50%
com.calendar.schedule.taskapp,Calender,Venezuela,3/23/25,5,0,0.00%,0.02,3.15,27,92.59%,0.00,18.52%
com.calendar.schedule.taskapp,Calender,Vietnam,3/20/25,9,2,22.22%,0.00,0.50,19,100.00%,0.00,47.37%
com.calendar.schedule.taskapp,Calender,Vietnam,3/21/25,1,0,0.00%,0.00,0.19,2,100.00%,0.00,50.00%
com.calendar.schedule.taskapp,Calender,Yemen,3/13/25,0,0,0.00%,0.00,0.00,3,66.67%,0.00,0.00%
com.calendar.schedule.taskapp,Calender,Zambia,3/14/25,10,2,20.00%,0.04,4.24,17,100.00%,0.02,58.82%
com.calendar.schedule.taskapp,Calender,Zambia,3/15/25,6,1,16.67%,0.05,8.46,10,100.00%,0.05,60.00%
com.calendar.schedule.taskapp,Calender,Zimbabwe,3/17/25,1,0,0.00%,0.01,5.18,2,100.00%,0.00,50.00%
Total,,,,"17,355","3,783",21.80%,551.82,31.80,"35,719",98.54%,0.15,48.59%
